datetime,temperature,rain_1h,traffic_volume
2023-01-01 00:00:00,288.63235144016824,1.3997385153895368,796.4540961589697
2023-01-01 01:00:00,274.00640179073224,1.9626870754122108,403.7806757952841
2023-01-01 02:00:00,284.66809395178785,0.6565192149221932,920.8939754398576
2023-01-01 03:00:00,298.94833043106223,1.0801115942078328,992.4919804329288
2023-01-01 04:00:00,300.302972251498,0.20615517630395921,644.1048182478626
2023-01-01 05:00:00,304.80669512406627,1.604554836965628,877.0882713531312
2023-01-01 06:00:00,280.81652502097796,0.37156332994483104,2280.200874862766
2023-01-01 07:00:00,305.20038164446675,3.826119970685696,3983.820802977889
2023-01-01 08:00:00,299.3974191580271,1.062556610330161,4251.777589200264
2023-01-01 09:00:00,289.1803126789619,0.0561879170094759,3776.0523757717183
2023-01-01 10:00:00,297.72483537139595,0.28954301975594765,2038.6297065706103
2023-01-01 11:00:00,295.4956671781003,1.8955833232482677,1030.87306153308
2023-01-01 12:00:00,293.57676776693864,0.38557577082656375,1668.23560080382
2023-01-01 13:00:00,291.7848709711977,1.3957189939267165,1642.5647405868167
2023-01-01 14:00:00,297.4146244155002,1.1762911575066701,2071.8525289774057
2023-01-01 15:00:00,293.32883993310105,0.15698801774981982,3291.302030575285
2023-01-01 16:00:00,289.935271249994,0.4992571742096328,3609.0514584480766
2023-01-01 17:00:00,295.6340555912536,0.5408287866452185,4417.725458118648
2023-01-01 18:00:00,303.84906924532106,3.6119736033393526,3829.9224030446976
2023-01-01 19:00:00,311.3728429307117,0.3793133590718928,2913.314933995195
2023-01-01 20:00:00,282.10524903450806,3.0041933579020395,1659.1713913696815
2023-01-01 21:00:00,304.76540743566267,0.270862727032969,832.2131490163309
2023-01-01 22:00:00,286.27039132366747,0.7203907981873224,1172.8673631737613
2023-01-01 23:00:00,288.20043743939794,0.379586059913166,577.4158225377778
2023-01-02 00:00:00,300.2538502758598,1.5364604509371897,1013.5775680462942
2023-01-02 01:00:00,286.8364176214367,1.024816585007401,1231.565391154455
2023-01-02 02:00:00,286.1219466389718,0.5562824425940055,983.468618143223
2023-01-02 03:00:00,294.488249645426,0.3229078424455697,1283.5552801527936
2023-01-02 04:00:00,291.53026822416,0.05950958550854813,1556.4438048745697
2023-01-02 05:00:00,301.3668899476173,1.6179975596305638,1333.0817069779623
2023-01-02 06:00:00,302.4370818966006,0.5263971692364902,1900.0803131259368
2023-01-02 07:00:00,296.0710253158733,0.5150791993789134,3860.9610998420526
2023-01-02 08:00:00,291.9685412562307,3.278080294884676,4424.56014906009
2023-01-02 09:00:00,304.70355075812665,0.18633377022647837,3692.1512184116514
2023-01-02 10:00:00,283.8427606595184,1.1449320314622706,2108.1034769455455
2023-01-02 11:00:00,285.812884077353,0.2712796950876338,1304.5896493474675
2023-01-02 12:00:00,292.2521742056341,4.607131079685596,1008.7998119632294
2023-01-02 13:00:00,296.4444799587475,1.571885199292869,1305.9456545437524
2023-01-02 14:00:00,306.6333472166737,0.14219505945599195,1950.3029134350752
2023-01-02 15:00:00,297.8649056684247,1.5573139099411462,2677.9510600740014
2023-01-02 16:00:00,283.25474138459145,0.011354222286210473,4231.384998229679
2023-01-02 17:00:00,286.3213783602613,3.222698087550356,4239.913654489425
2023-01-02 18:00:00,304.9511099516724,1.5974962811580056,3994.1503861337337
2023-01-02 19:00:00,294.04317622431483,0.2847642409940389,3205.345967316886
2023-01-02 20:00:00,301.07052511118854,0.2879726467377017,1987.2800386321499
2023-01-02 21:00:00,285.4726527017071,2.2061708923497374,1370.2954654107689
2023-01-02 22:00:00,320.310166825284,0.06155956235827313,986.2589811232921
2023-01-02 23:00:00,288.2810702462477,0.4549751697455477,984.9110957184081
2023-01-03 00:00:00,305.58808154745157,1.128299843064267,632.3101370858495
2023-01-03 01:00:00,295.8817462235093,0.8871174158105333,797.6164864898243
2023-01-03 02:00:00,288.9089341168195,1.5043444970728306,959.6011755372908
2023-01-03 03:00:00,288.02403159799934,0.08184994691314977,1154.029223819887
2023-01-03 04:00:00,268.97886871431973,2.6784641669551483,1178.692494112998
2023-01-03 05:00:00,281.1072222249938,0.4483803988697482,1297.7945879450351
2023-01-03 06:00:00,277.0140443435118,1.9960473242694219,2022.620381046278
2023-01-03 07:00:00,293.5525472193735,0.4386905917274975,3463.355767895582
2023-01-03 08:00:00,282.5016261567599,1.927280071823757,4139.406980992721
2023-01-03 09:00:00,300.6828546123015,0.3653857710665603,3602.9181732506413
2023-01-03 10:00:00,302.88079985469346,0.5562248726582554,2331.2568247903405
2023-01-03 11:00:00,294.66771412049053,0.8306036616038913,1030.374207838608
2023-01-03 12:00:00,290.36763870787735,0.8614992215488781,1131.7621163245772
2023-01-03 13:00:00,300.2580422883707,0.03087619852992623,1618.6871477625205
2023-01-03 14:00:00,297.59203693249964,1.2727452470247334,1902.510799609747
2023-01-03 15:00:00,300.3838409561533,0.2924680936388494,3008.0730964110335
2023-01-03 16:00:00,289.77761768543917,1.064265101227378,4247.9914088737405
2023-01-03 17:00:00,282.05794739199257,0.5575585164176824,4289.211175446408
2023-01-03 18:00:00,301.2026533115733,3.5454714453034963,3330.5365046915676
2023-01-03 19:00:00,286.68880839595903,0.6829684897665455,3064.216184014724
2023-01-03 20:00:00,300.2098361137058,0.6566536779781383,1614.5240516537629
2023-01-03 21:00:00,273.24164359128514,0.21809141362786755,991.0319679919702
2023-01-03 22:00:00,288.246613256566,0.14834573391941544,1209.2580485804563
2023-01-03 23:00:00,290.62826022735663,0.7125818487053489,1267.397900835393
2023-01-04 00:00:00,298.2304445110034,0.5168933682201932,741.8810802714355
2023-01-04 01:00:00,294.3085942888392,1.5334000691436775,907.4624915857923
2023-01-04 02:00:00,298.53772555079024,2.080113711256421,406.4479723211632
2023-01-04 03:00:00,273.7987092156305,0.24436805321156094,457.5518403571932
2023-01-04 04:00:00,302.6058796070654,0.005457103994796508,739.910543491909
2023-01-04 05:00:00,282.0242901496539,3.295420034731766,1076.9609786756846
2023-01-04 06:00:00,301.91286691343095,1.1099968419954596,2340.118096221777
2023-01-04 07:00:00,288.8238267194089,1.806380204420835,3502.121900448658
2023-01-04 08:00:00,286.4115337476168,0.11344357230329918,4528.161235962315
2023-01-04 09:00:00,296.26070499278023,1.2228944437444378,3589.4683476296887
2023-01-04 10:00:00,280.44516109103324,0.9700468096992381,1982.578166211409
2023-01-04 11:00:00,285.96606347432294,0.27759590340673557,1435.001422552725
2023-01-04 12:00:00,297.28193612978504,0.1921029483075121,1071.7801107038501
2023-01-04 13:00:00,291.1959970405416,0.8332062399205163,1308.7572233083513
2023-01-04 14:00:00,309.4412917421392,0.02003419826142301,1915.5853659507784
2023-01-04 15:00:00,284.5419710280012,0.7258669221584565,2913.7378662048236
2023-01-04 16:00:00,297.77756009973575,0.876043926005373,4431.142061555063
2023-01-04 17:00:00,286.5917791434532,0.2450208869263371,4459.628176319634
2023-01-04 18:00:00,289.96635412752374,2.7032279320540433,4590.838343524369
2023-01-04 19:00:00,301.84155029467485,0.017098733673867522,3187.3999747770945
2023-01-04 20:00:00,292.83986837080107,0.42569542849486375,2496.825311654908
2023-01-04 21:00:00,280.1540396607746,0.521463041148948,1235.7010689197316
2023-01-04 22:00:00,289.3345130682177,0.09493933268061543,1410.6890570536916
2023-01-04 23:00:00,279.82409109162256,1.93249027427341,948.0090946876912
2023-01-05 00:00:00,290.9153880217121,1.30913645865995,1165.3656378240394
2023-01-05 01:00:00,281.20655631321483,0.13721787876584549,625.0188351682773
2023-01-05 02:00:00,273.43947962594314,0.20485334792263085,684.0775561422845
2023-01-05 03:00:00,296.3780602256195,0.5213550079283743,615.3415831669058
2023-01-05 04:00:00,277.2446579039803,2.36537682718716,788.4838740521174
2023-01-05 05:00:00,287.6483796273227,1.7583517545470626,1462.887636145088
2023-01-05 06:00:00,302.6396218672971,0.414601664480736,2609.2929954908927
2023-01-05 07:00:00,291.2510460950525,0.8827874801389957,4093.6585540439632
2023-01-05 08:00:00,313.22226260680856,0.9554566006957217,3969.203446116586
2023-01-05 09:00:00,280.63791768031996,0.6861385541753766,4132.081644963474
2023-01-05 10:00:00,281.71069246731037,0.5337096510155696,2261.559095050796
2023-01-05 11:00:00,291.34299682322217,0.2310184818027158,1564.7418416917567
2023-01-05 12:00:00,304.29456574158013,0.9455533131003623,1387.16053734473
2023-01-05 13:00:00,292.6229040194187,0.5429748009614564,743.3251429289809
2023-01-05 14:00:00,278.5621965287213,1.3475835209330003,2256.7103368394573
2023-01-05 15:00:00,283.14654941159284,0.3644286929893103,2970.126135814387
2023-01-05 16:00:00,304.604949293124,0.3434991041398695,3936.3545309644974
2023-01-05 17:00:00,297.8065908472181,1.776575546111222,4250.213069608471
2023-01-05 18:00:00,287.92417236239845,0.510008802129005,4219.140917581985
2023-01-05 19:00:00,293.7903985674107,0.2922159795175168,2610.744445413042
2023-01-05 20:00:00,308.6962203689785,1.045765188373707,1915.2944184656455
2023-01-05 21:00:00,288.88383569385223,0.34038267160241986,1221.1529138983856
2023-01-05 22:00:00,277.17889836495107,0.27190196064700417,964.591916388638
2023-01-05 23:00:00,296.35523322081485,1.4691637906143926,867.6963487357264
2023-01-06 00:00:00,287.12812755485675,1.205834566131093,938.95800635755
2023-01-06 01:00:00,286.96066355721365,0.4680024083286385,874.5340389621662
2023-01-06 02:00:00,295.1874555478277,2.024553802979278,832.9667249814403
2023-01-06 03:00:00,278.41835906068184,0.24514815301864873,626.0666833085412
2023-01-06 04:00:00,286.9428890128589,1.106346610968199,986.1783053506653
2023-01-06 05:00:00,298.45105236834456,0.4750011663842357,1354.9443968984367
2023-01-06 06:00:00,282.6258565361141,0.022353738339271755,2109.8782422800064
2023-01-06 07:00:00,287.7212293765783,1.9001188902852628,3665.467617776237
2023-01-06 08:00:00,284.1667406942059,0.15304177669572835,3934.791191039354
2023-01-06 09:00:00,280.36118263694226,1.1424948468240321,3560.159064851135
2023-01-06 10:00:00,293.37414806339837,0.4389897360826745,2484.4548645465984
2023-01-06 11:00:00,285.32659475965914,0.9892614219946415,1573.1799532618127
2023-01-06 12:00:00,282.5610109202438,5.857633212797634,845.958591990933
2023-01-06 13:00:00,294.57349765235557,0.12951598115809468,1516.9764134225334
2023-01-06 14:00:00,289.6732873673173,0.5864448994430869,1710.7159057511067
2023-01-06 15:00:00,287.2528029816798,1.595067096494058,3011.8111592513405
2023-01-06 16:00:00,288.2514291769755,1.773400580377787,4083.8362382054097
2023-01-06 17:00:00,278.88021264501333,0.6356461792742585,4133.399566648296
2023-01-06 18:00:00,273.7917367291778,1.0743354617367515,3567.2770164858935
2023-01-06 19:00:00,297.1130726204226,0.6854734281190838,2998.45722061079
2023-01-06 20:00:00,301.36061202992545,0.35314790750837394,2161.0430584630367
2023-01-06 21:00:00,280.1319999301007,0.8053205866754538,1382.3064954094934
2023-01-06 22:00:00,288.33711536189406,0.23072401654760152,1161.9596950065672
2023-01-06 23:00:00,279.73009947319383,0.8270105860015511,914.9172224523403
2023-01-07 00:00:00,288.3768591046883,0.8738435425137342,735.4144376410118
2023-01-07 01:00:00,300.0395027834626,0.9186584553498762,471.10244486332016
2023-01-07 02:00:00,273.2763770768601,1.4920299247145958,702.9440434334751
2023-01-07 03:00:00,294.8729043674211,0.7922138724288537,526.369216364172
2023-01-07 04:00:00,284.50561986591293,1.1584394555610855,1348.7770419683661
2023-01-07 05:00:00,315.04438723030785,0.7635289547428707,1169.5365271869236
2023-01-07 06:00:00,281.05438064351256,0.9309408160329876,2003.1094082559339
2023-01-07 07:00:00,294.57594475480374,0.31969153575106435,3718.067482350011
2023-01-07 08:00:00,290.18125004143553,0.8206766574767203,4736.491609427469
2023-01-07 09:00:00,289.3278794175794,0.2474915794185818,3806.8095374691834
2023-01-07 10:00:00,281.7577764002068,0.6305793261206379,2582.35562872932
2023-01-07 11:00:00,279.1814575558766,1.4109613655101212,1118.1235621665535
2023-01-07 12:00:00,276.497882248172,1.1453925984710949,720.4357925602803
2023-01-07 13:00:00,298.7512394549841,0.08842848125623877,1389.9256537618776
2023-01-07 14:00:00,287.4791745003232,0.42444800280442874,2233.7654014634627
2023-01-07 15:00:00,295.96888523557305,2.0416512577481707,2872.4707651895437
2023-01-07 16:00:00,292.46560225078093,4.101446712696108,3675.1583755575684
2023-01-07 17:00:00,279.23284307854215,0.7487786834431085,4292.628110158943
2023-01-07 18:00:00,299.3819396278731,2.9838332875146696,3595.058057589801
2023-01-07 19:00:00,306.9047514407402,0.9868896044204705,2510.465254039499
2023-01-07 20:00:00,305.507484207372,2.207186551845503,1428.355765345638
2023-01-07 21:00:00,315.84369771986553,1.8920508086659045,982.8604439106609
2023-01-07 22:00:00,279.0837709577718,0.7311570269956944,1085.2522545977397
2023-01-07 23:00:00,289.99766762675137,0.8945692808675298,882.1186037774102
2023-01-08 00:00:00,276.41167749785785,0.06277405454152805,1050.3820127551917
2023-01-08 01:00:00,281.72208143830613,2.4478344298061416,225.7517757098845
2023-01-08 02:00:00,290.5860421396421,1.382004539578367,1460.2675623181776
2023-01-08 03:00:00,288.7971449193667,0.8801967669758154,1155.4703662828492
2023-01-08 04:00:00,284.806351078075,2.1354318630925015,472.92208064207006
2023-01-08 05:00:00,284.4839302075388,0.4321700861506825,1285.3404860944527
2023-01-08 06:00:00,280.3785859372008,0.12207976176149114,2327.5103992898435
2023-01-08 07:00:00,280.4864875553943,0.6989536497697577,3503.1368153692833
2023-01-08 08:00:00,281.3934709642239,1.7985616153913078,4022.0385251631324
2023-01-08 09:00:00,287.56594638683293,0.5956305287975807,3663.181401033701
2023-01-08 10:00:00,306.70862449115776,0.1694702055195802,2055.4895259431746
2023-01-08 11:00:00,274.15504962862616,1.8116136228725135,976.0409130677128
2023-01-08 12:00:00,293.9139056557286,1.0831268185167044,937.5906608338338
2023-01-08 13:00:00,309.5550511173333,1.6462304331834368,643.4188074021827
2023-01-08 14:00:00,286.68547787382255,0.9830709162962924,2361.002066271616
2023-01-08 15:00:00,287.174591232742,0.12021995738827836,2870.0980361967827
2023-01-08 16:00:00,283.44677692375825,0.05087112762385535,4117.085256733596
2023-01-08 17:00:00,284.27247207207154,0.19207258602623473,4276.349662027761
2023-01-08 18:00:00,287.6150835756997,1.2639946576488525,4722.483729054649
2023-01-08 19:00:00,304.99416046912404,0.7088306338260592,2778.0699107826877
2023-01-08 20:00:00,302.2889126954983,1.4662101198941702,1689.6918365206984
2023-01-08 21:00:00,290.66190798309117,0.35659160455049926,1536.712457127193
2023-01-08 22:00:00,308.4444701059443,0.28672716108866597,989.3620405501435
2023-01-08 23:00:00,288.5819355393331,0.311183974667925,1461.2679085342324
2023-01-09 00:00:00,288.4667649900628,0.5205437130744206,1440.8638567395565
2023-01-09 01:00:00,311.6008346942369,0.610943848448287,246.08782936802044
2023-01-09 02:00:00,298.4431200419154,0.1714772315070729,392.65486242788484
2023-01-09 03:00:00,305.04775143367306,0.11125719114597839,524.1287672071367
2023-01-09 04:00:00,285.66230106516804,4.774387955227232,764.8570557974552
2023-01-09 05:00:00,281.2763494075171,2.064299947140463,839.5418916152522
2023-01-09 06:00:00,296.51404050879603,0.8273946227925749,2010.2702967132732
2023-01-09 07:00:00,294.9075438803968,1.996465860542777,3909.1552956955375
2023-01-09 08:00:00,284.3326573341956,0.5984033362406548,4088.844743551019
2023-01-09 09:00:00,287.09397912492705,1.904039679092075,4025.8353355718673
2023-01-09 10:00:00,287.73196573475076,1.1790577239144544,2220.4068876976607
2023-01-09 11:00:00,312.183324333115,0.1966164738543909,1132.0869227480327
2023-01-09 12:00:00,285.300388096677,0.4672132973739806,1202.2891233655487
2023-01-09 13:00:00,300.33192182343595,0.6056312255979668,1123.4731815185346
2023-01-09 14:00:00,294.23524329121375,0.35340607702381804,2364.9538396856424
2023-01-09 15:00:00,285.1575611862791,0.7677658364578713,3255.560832309601
2023-01-09 16:00:00,306.27113221032556,0.571051608096223,4200.665057493105
2023-01-09 17:00:00,308.97824174103306,0.9221015937329289,3987.0648888865926
2023-01-09 18:00:00,299.8881859326849,0.27161779572097533,3573.802443182579
2023-01-09 19:00:00,282.7520115092497,0.4594023996666314,3044.0312053156013
2023-01-09 20:00:00,290.71412419141717,0.8264385642094031,2202.7344112759965
2023-01-09 21:00:00,288.41617967249675,0.23108637524613168,1415.2303408287257
2023-01-09 22:00:00,278.8122357800449,0.1889026990300404,674.3551564790021
2023-01-09 23:00:00,290.9647251208298,3.3599259630622225,831.3172786156715
2023-01-10 00:00:00,281.8157701322078,0.08403681178236765,955.9518804851376
2023-01-10 01:00:00,289.1641222804492,0.13018450536650156,1441.2777837385538
2023-01-10 02:00:00,298.32720456769704,0.49832173957094994,1252.3129608357874
2023-01-10 03:00:00,299.5884475840744,1.1177161350632498,609.9921684785631
2023-01-10 04:00:00,292.9979355416119,2.8407248874804445,1055.3278600141684
2023-01-10 05:00:00,273.68142632141695,0.26607314555960265,971.418807425066
2023-01-10 06:00:00,279.53952692645885,0.5761027409155823,2568.875894974066
2023-01-10 07:00:00,287.83679296741343,1.6199213178000513,3591.0942634847256
2023-01-10 08:00:00,299.0603137519086,0.7383663034447707,4047.2424418431688
2023-01-10 09:00:00,295.71831539093387,0.5734414634550761,3769.340351120778
2023-01-10 10:00:00,297.2723976489862,0.45724383543637204,2492.913521805686
2023-01-10 11:00:00,275.546542069097,0.11453627437475555,1197.6877867024962
2023-01-10 12:00:00,285.60373408819015,1.9537194770445698,1018.283172517611
2023-01-10 13:00:00,290.56736316147266,0.045008571958665436,1241.3291631322315
2023-01-10 14:00:00,294.7351137290149,1.2772059850953945,2019.0817963387067
2023-01-10 15:00:00,283.34146902346083,0.6665916580150298,2533.36969047477
2023-01-10 16:00:00,299.78204770095437,0.0025091525763066094,4381.382901100119
2023-01-10 17:00:00,283.8789329347463,1.332945116810238,4141.135025214054
2023-01-10 18:00:00,293.93700323061756,0.2417442119374589,4371.630276563772
2023-01-10 19:00:00,288.96484716236415,1.8034052301871029,2760.954936054758
2023-01-10 20:00:00,285.47621014296806,0.541284910474723,1925.1260905566407
2023-01-10 21:00:00,289.7736108445662,0.9723506323465301,1767.6666397871459
2023-01-10 22:00:00,275.86654705992464,0.49819890977142484,603.6548608320596
2023-01-10 23:00:00,276.0782554377926,0.20918763743057112,764.7948857342471
2023-01-11 00:00:00,298.8205388637597,1.935236583003222,1080.9375090567703
2023-01-11 01:00:00,295.34380516105534,0.021221823820856252,883.6645947983054
2023-01-11 02:00:00,296.83726882466146,0.7169828692518375,610.3412160158376
2023-01-11 03:00:00,293.7374016429138,1.4488729478674234,1012.3563354233636
2023-01-11 04:00:00,290.29296164431923,0.900799817500189,867.8592542920551
2023-01-11 05:00:00,274.98515066819147,3.8999296977571833,1240.2371035603603
2023-01-11 06:00:00,307.10890357103716,0.334634409954232,2341.513985526686
2023-01-11 07:00:00,303.8211987031028,2.0498779278732817,3505.812752220237
2023-01-11 08:00:00,301.96317672460793,0.21763704992887817,3770.614820981047
2023-01-11 09:00:00,288.0313976073881,1.694806922665339,3187.9044861016346
2023-01-11 10:00:00,288.74323786836976,3.613030663913434,2101.393977118215
2023-01-11 11:00:00,295.846865009638,0.859978746086436,1311.0350879720668
2023-01-11 12:00:00,263.137210853303,1.0578777494747118,574.6692415810976
2023-01-11 13:00:00,281.9729034658899,0.8573998354228141,1223.174414339133
2023-01-11 14:00:00,306.4404302869409,0.04631526090382529,2099.28083644202
2023-01-11 15:00:00,281.76361109575123,0.1057428921941662,2826.689896091747
2023-01-11 16:00:00,291.4416526387976,2.970304209727321,4083.8570678428846
2023-01-11 17:00:00,305.39069735812694,0.38639862702215644,4278.938733348818
2023-01-11 18:00:00,288.24045288713756,0.8055141734507657,4159.950178735786
2023-01-11 19:00:00,289.2101855551291,1.3002540563406961,3015.3389945391377
2023-01-11 20:00:00,286.3187897403299,1.9208925200352356,2034.501996525267
2023-01-11 21:00:00,316.16531920408437,1.4177335079691644,936.3558997540779
2023-01-11 22:00:00,300.0163517250464,0.1524470034316702,1582.5346748524457
2023-01-11 23:00:00,285.8987443212355,4.979262285041928,505.96276013752214
2023-01-12 00:00:00,301.40504275453003,2.0730150161422087,748.0992992905249
2023-01-12 01:00:00,300.6687654048308,2.293450351457343,922.5345015205943
2023-01-12 02:00:00,293.17035273013875,1.0317935577885426,1092.677346526766
2023-01-12 03:00:00,305.1466247005301,0.7992890358685155,909.4110752598909
2023-01-12 04:00:00,296.6623024403885,2.8081254070453237,1112.0178374916418
2023-01-12 05:00:00,307.1124203581046,0.39122693890744287,1284.49726695393
2023-01-12 06:00:00,286.67720931828313,0.7883645016398542,2050.0706505627427
2023-01-12 07:00:00,290.3410806095141,2.341386419377165,3454.5384396728477
2023-01-12 08:00:00,296.53203544255234,3.0381773732605293,4344.708772424106
2023-01-12 09:00:00,278.9579727700286,1.43836912080238,3709.126062138352
2023-01-12 10:00:00,277.0474701007367,2.2903473442513382,2293.96093334718
2023-01-12 11:00:00,288.50531622627545,0.6502635376970036,1508.3587294528793
2023-01-12 12:00:00,292.4860912752484,0.8472598620979253,1250.1658784265364
2023-01-12 13:00:00,290.2919903599064,0.9915643636955257,1065.0124278939152
2023-01-12 14:00:00,277.35811200730933,0.7521128448306434,1664.5519901895937
2023-01-12 15:00:00,297.5708247115555,0.17928768570199174,3059.2414167957377
2023-01-12 16:00:00,295.6516962127452,0.8645420328365362,3982.0680532021074
2023-01-12 17:00:00,276.4161445628665,0.6834187857710805,4290.911816246088
2023-01-12 18:00:00,290.684734615052,0.8766933463714274,4112.905144430477
2023-01-12 19:00:00,275.64737399792926,0.15212401146581722,2904.001113004339
2023-01-12 20:00:00,292.3332432473967,2.8593661696047383,2128.294616651887
2023-01-12 21:00:00,273.5812311627566,0.7210270395384777,1527.6244670532076
2023-01-12 22:00:00,296.1007575567021,0.5796113895222055,884.4412786984581
2023-01-12 23:00:00,285.3691202482445,0.43048546600100246,838.0866101514906
2023-01-13 00:00:00,292.0086190187128,0.05796442788470697,1191.1293559999142
2023-01-13 01:00:00,292.04801071353336,1.4774559776901826,733.6266522965432
2023-01-13 02:00:00,300.95999822321005,2.4377668986338894,797.3723995828407
2023-01-13 03:00:00,285.1640003716481,0.058142548238867164,856.9397134091195
2023-01-13 04:00:00,280.40434851462237,1.985906201514568,846.1879840758883
2023-01-13 05:00:00,276.8843382094779,0.2559832902003954,1400.5458354548807
2023-01-13 06:00:00,299.23992840951706,1.388284374828849,2252.6626380636517
2023-01-13 07:00:00,297.75409243546994,1.1801302453724392,3253.679672402584
2023-01-13 08:00:00,304.32052250162013,0.714657486887768,4581.669415944717
2023-01-13 09:00:00,296.8771952358544,4.1526356753817755,3325.014002217484
2023-01-13 10:00:00,274.7888360729566,0.7853057290056761,2067.8875523071606
2023-01-13 11:00:00,288.40202813234174,0.37054289933745466,1637.525884954208
2023-01-13 12:00:00,304.1279188947858,1.4134316379228318,1179.223718498913
2023-01-13 13:00:00,290.8985695128005,2.173584767538362,1924.7739386940607
2023-01-13 14:00:00,297.5654164277756,0.586348347653022,2086.928348671528
2023-01-13 15:00:00,289.1777081682857,1.698465163758463,2898.657969657407
2023-01-13 16:00:00,289.4825330678138,2.373388768179933,4031.7355791962723
2023-01-13 17:00:00,299.717568837156,0.13776624268721607,4408.705952813915
2023-01-13 18:00:00,300.82456941670995,0.49237449592483984,3844.0532985691784
2023-01-13 19:00:00,288.82793644054135,1.2208183498980911,3141.7525905506036
2023-01-13 20:00:00,313.8369349452138,1.807415667361477,1578.0476569930102
2023-01-13 21:00:00,296.04589345019826,0.31292494319699743,919.868793719867
2023-01-13 22:00:00,270.9210263944968,0.1484443548494552,672.468934824412
2023-01-13 23:00:00,312.8021982755961,0.07009570970936148,523.3752064424564
2023-01-14 00:00:00,295.0587600096768,0.8475692086791886,881.340772657558
2023-01-14 01:00:00,292.89057626105483,0.6632921640151923,1052.4484586946585
2023-01-14 02:00:00,280.34802506148844,0.4418244431924123,651.1820954529528
2023-01-14 03:00:00,281.91482511017705,0.5381273203472945,897.8494170071089
2023-01-14 04:00:00,293.6486736369748,0.013743980702751051,1252.177793260098
2023-01-14 05:00:00,282.86963968898493,1.170749883977832,1395.8608828370125
2023-01-14 06:00:00,274.28980693440906,0.8160402139987236,2013.9000480625593
2023-01-14 07:00:00,302.50787491530065,0.09121481444479444,3640.4824680597458
2023-01-14 08:00:00,291.00065802832734,1.8104491616254954,4022.065630902284
2023-01-14 09:00:00,289.1383028662766,0.36834851206976243,3989.752650568224
2023-01-14 10:00:00,288.6393836247159,1.1207802020371442,2464.154118935437
2023-01-14 11:00:00,292.16142116538794,4.654034531936561,1043.2387238353192
2023-01-14 12:00:00,286.4901397606295,2.5347627584631836,867.7361494301142
2023-01-14 13:00:00,270.27065191709596,1.5126372969747712,1032.7813362684185
2023-01-14 14:00:00,314.6483209044144,0.6981052230562751,1381.5740598271877
2023-01-14 15:00:00,287.11687643465433,0.9748829983744769,3027.623113782306
2023-01-14 16:00:00,293.703156825684,0.7186652634163884,3913.430542920526
2023-01-14 17:00:00,280.9854040027932,0.042814252794917795,4587.582819444706
2023-01-14 18:00:00,310.7083662186242,0.16224574997159108,3715.159742222111
2023-01-14 19:00:00,295.897369692333,1.0459647438856696,3159.7383166696654
2023-01-14 20:00:00,276.5932330883089,1.0385041107938635,1660.0408807483286
2023-01-14 21:00:00,285.2269948569955,0.09952119388978245,1745.6377073868334
2023-01-14 22:00:00,271.848784558867,2.3433949530586804,462.4838417253977
2023-01-14 23:00:00,299.70269529419267,1.7883647862826961,939.8764635222544
2023-01-15 00:00:00,276.46762465466753,1.8507506213884888,332.73602336353906
2023-01-15 01:00:00,289.2118710069371,1.4058267254135461,949.825773902336
2023-01-15 02:00:00,291.34504159692045,0.5253615069121479,1054.186751881591
2023-01-15 03:00:00,299.60175838639464,0.08585907404452635,1198.2691026025132
2023-01-15 04:00:00,295.0484942898854,0.09457907682411941,866.4365470341844
2023-01-15 05:00:00,283.7043324029954,2.1784669936455865,1510.1217636464462
2023-01-15 06:00:00,288.66160748710314,0.25892602854762875,2461.4492719111354
2023-01-15 07:00:00,297.9872469481689,0.07881248130137118,3397.2719771888173
2023-01-15 08:00:00,291.68256214255535,0.6267641289967559,4335.118861922675
2023-01-15 09:00:00,271.22408629847985,2.1310023361999413,3067.049956833872
2023-01-15 10:00:00,313.49878483196966,0.1809646594857774,1974.0986644488019
2023-01-15 11:00:00,294.0300770451971,0.3581193268179189,1694.495658322992
2023-01-15 12:00:00,294.4187974973266,0.42930934761387274,1320.0053442533508
2023-01-15 13:00:00,270.61075426400055,1.0589999391550715,1228.5213909107013
2023-01-15 14:00:00,295.402542005009,0.29947717662473405,2391.322453210406
2023-01-15 15:00:00,301.8219059222802,2.121348821479768,2904.3081144316866
2023-01-15 16:00:00,277.40560263596836,0.04649490212459012,3918.7992503732953
2023-01-15 17:00:00,276.0164249442082,1.3861201783997246,4043.891947883886
2023-01-15 18:00:00,298.63386498543616,0.2959186007981107,3919.659298138515
2023-01-15 19:00:00,278.30753874084496,1.0967485141570863,2972.071390925539
2023-01-15 20:00:00,297.77998398391605,0.10863017340454442,1901.065305600903
2023-01-15 21:00:00,297.4411558490223,0.5649675589954946,1349.7143954083588
2023-01-15 22:00:00,261.76373940152365,0.011019743693502995,796.5749768898545
2023-01-15 23:00:00,289.8025133192413,2.033165915992775,694.9334073759776
2023-01-16 00:00:00,290.3531453561499,1.5721997087382664,457.7882084611052
2023-01-16 01:00:00,276.43926251395027,2.477120131254608,427.1897027503928
2023-01-16 02:00:00,293.5477498266574,1.2114340343450847,930.8095532414735
2023-01-16 03:00:00,285.27620784851626,0.08432804118048286,845.800467162161
2023-01-16 04:00:00,304.93478003160186,0.9113062599821249,1032.669033048417
2023-01-16 05:00:00,281.62535704344003,0.1280903379117446,1900.5573534071134
2023-01-16 06:00:00,299.0615807975735,0.05010329924924266,2100.753272319501
2023-01-16 07:00:00,293.3892943460637,0.252920010863919,3890.4777189235206
2023-01-16 08:00:00,286.51183664558874,1.6889002755438645,4498.4569012322345
2023-01-16 09:00:00,292.04005910360934,0.39260956396504415,3503.4230879124984
2023-01-16 10:00:00,315.7758974546555,0.46492390742607276,2170.2350299260133
2023-01-16 11:00:00,273.32642739570935,0.10988492212852836,1333.412216599928
2023-01-16 12:00:00,277.6749556837027,0.5033031174507028,989.845587673594
2023-01-16 13:00:00,295.56237707778735,0.5029282937706182,1760.7066088349277
2023-01-16 14:00:00,304.8677786745214,0.09491300289332824,2031.6552045399867
2023-01-16 15:00:00,290.85345833638615,0.5116263281847246,3086.8572772744
2023-01-16 16:00:00,302.8235606754614,0.1872173606869635,4053.539821438888
2023-01-16 17:00:00,287.4789202070451,2.2948087735701703,4109.788784273275
2023-01-16 18:00:00,298.07051035231643,4.735627062456483,4034.051004813153
2023-01-16 19:00:00,286.16207272860834,2.0819923536057923,3009.0066664421465
2023-01-16 20:00:00,272.0823352640568,1.0744071534840538,1459.3869302401904
2023-01-16 21:00:00,279.64067390080373,0.24017735013294716,1614.016474244605
2023-01-16 22:00:00,291.21384192540825,2.5032860956998144,1067.5503864165025
2023-01-16 23:00:00,299.56638706401264,1.6659673659883825,936.0982371701642
2023-01-17 00:00:00,286.41899306887467,1.6136336581584496,1099.616787303595
2023-01-17 01:00:00,283.5084788484418,0.2082833624512376,1446.0537953815988
2023-01-17 02:00:00,298.2017771991745,1.067891898567324,1046.120114738513
2023-01-17 03:00:00,290.83217057549996,1.8342770087467957,608.113405639646
2023-01-17 04:00:00,296.2733653547286,0.9560106469794083,1057.2056876743252
2023-01-17 05:00:00,301.75896560440424,0.22140973825905408,1063.852076353445
2023-01-17 06:00:00,294.28884930493956,0.7978297366528899,2573.4295736064582
2023-01-17 07:00:00,307.99539599213625,0.20169355518151966,3498.4389935346658
2023-01-17 08:00:00,294.45544491510236,0.3718693182213519,4376.031667945746
2023-01-17 09:00:00,286.14374680802024,2.377204204847412,3348.9810613910113
2023-01-17 10:00:00,290.92998223891516,0.0019398334181097497,1964.6283843843228
2023-01-17 11:00:00,309.683090631508,1.4919779313569468,668.1921650432081
2023-01-17 12:00:00,299.81403862226966,0.09820894267845222,1243.6871468332984
2023-01-17 13:00:00,292.6999814344631,2.692913488374314,727.2510253112417
2023-01-17 14:00:00,298.7668285876993,0.10550888038718576,1591.2565458477702
2023-01-17 15:00:00,293.91413616663374,0.0573971587973748,3013.3532076583447
2023-01-17 16:00:00,278.51015522942754,1.190432873205783,4229.150772575337
2023-01-17 17:00:00,295.86687368298783,0.0027793075651268077,4770.305430288666
2023-01-17 18:00:00,299.12326054148383,0.03723490629694066,3622.8340552497298
2023-01-17 19:00:00,288.01720442654187,1.4058578195557756,3132.75874489576
2023-01-17 20:00:00,282.7987199591707,0.02579505134662271,2065.325582860522
2023-01-17 21:00:00,268.89827287821817,0.18928202243531236,1107.0904540186982
2023-01-17 22:00:00,271.5875689156968,0.43340029874840974,878.5666882308101
2023-01-17 23:00:00,279.01059237090476,0.6710480278450914,1125.805767928971
2023-01-18 00:00:00,288.70165402648536,2.620892465768903,900.1262614496651
2023-01-18 01:00:00,284.8720334281556,0.0027127821398020497,964.4734348007534
2023-01-18 02:00:00,313.8370561099039,2.3565720532916203,811.4525383070762
2023-01-18 03:00:00,310.7690164657396,0.7949765909779308,547.8347487368633
2023-01-18 04:00:00,290.36658735137553,2.412640971489185,831.2468497484069
2023-01-18 05:00:00,281.13972778403826,0.8872470405425269,1082.8183045449189
2023-01-18 06:00:00,288.9375362384505,0.4013383816563988,2749.205259653694
2023-01-18 07:00:00,278.4211777234517,0.8132725795498629,3232.4379864870607
2023-01-18 08:00:00,305.5563338348441,1.4002839402973775,4236.29146678717
2023-01-18 09:00:00,284.94746258772756,0.6868031517816917,3592.7433447174844
2023-01-18 10:00:00,278.5829010530885,0.45399553203158705,2074.9652816166126
2023-01-18 11:00:00,288.6355372788023,3.4294939929368478,1341.412155700437
2023-01-18 12:00:00,268.79348534633937,0.5867705740162563,654.9604616866627
2023-01-18 13:00:00,302.01895742395436,0.6557744822748293,1179.733876271539
2023-01-18 14:00:00,279.41883425452164,0.04808459547438072,2040.3660079479826
2023-01-18 15:00:00,281.09980496613156,0.13714833723529715,3132.8418370679024
2023-01-18 16:00:00,290.63332726962255,1.906632140798007,4289.842378851823
2023-01-18 17:00:00,306.6893243025119,0.10903353636477693,4462.173393137369
2023-01-18 18:00:00,287.6469899179806,1.078497609226806,3774.0637916019587
2023-01-18 19:00:00,304.77378184061104,4.766018855843095,2544.8969099832643
2023-01-18 20:00:00,279.83862660197985,1.3453618670867389,2192.9118002548394
2023-01-18 21:00:00,306.46402919583977,0.5069801457172575,1117.6975584885702
2023-01-18 22:00:00,281.3228044714513,1.1028567643125042,1379.5222712958193
2023-01-18 23:00:00,288.2086960806027,3.694066295833805,868.7959397341874
2023-01-19 00:00:00,290.1819336620104,0.21752452574361733,881.1235885008095
2023-01-19 01:00:00,281.57378285025624,1.0679126705283204,940.4799277114107
2023-01-19 02:00:00,303.5456937805771,3.5046656426640252,100.0
2023-01-19 03:00:00,295.2036500314778,1.2557366229325138,1317.2699860138268
2023-01-19 04:00:00,298.87949519575665,2.680451907475484,853.552996980378
2023-01-19 05:00:00,294.9787305271169,1.0429936692417008,1206.8021333988004
2023-01-19 06:00:00,284.99214087333604,0.9595658154112117,2358.3756630847993
2023-01-19 07:00:00,282.58603929861624,1.3037745367506488,3437.346309303142
2023-01-19 08:00:00,288.180498547476,1.9477203931158151,4638.129334483412
2023-01-19 09:00:00,296.03312884918927,0.07078942098422739,3739.473299182499
2023-01-19 10:00:00,287.73027072701797,0.11833597475599614,2403.9311064039366
2023-01-19 11:00:00,303.7316371214524,1.845259780438737,1031.5136914227305
2023-01-19 12:00:00,279.3747382804404,0.024589841012499572,1081.1742673578174
2023-01-19 13:00:00,281.55059016844643,0.27453220669663114,1798.265610134044
2023-01-19 14:00:00,306.1102736711559,0.0738049515460474,2029.4593352580366
2023-01-19 15:00:00,296.1413427304478,0.5488556064142754,3112.620087260037
2023-01-19 16:00:00,303.4105537888064,0.36437514530130094,4055.2336343427187
2023-01-19 17:00:00,328.6310382301154,1.684877117654299,4019.302581372348
2023-01-19 18:00:00,293.91384692741826,1.0843906797588367,3497.240210977853
2023-01-19 19:00:00,288.2597198174578,0.9710439762939461,3012.08013511802
2023-01-19 20:00:00,292.5600693247308,0.370187019650496,2129.315269796526
2023-01-19 21:00:00,287.3107926621093,0.31244996446875084,1475.1839568048565
2023-01-19 22:00:00,303.2997681128258,0.09637249965403817,1197.5935594435534
2023-01-19 23:00:00,300.15312323692154,0.8526897998347583,1119.0297073044999
2023-01-20 00:00:00,288.831014201174,0.8351176173866951,1069.8598942226934
2023-01-20 01:00:00,268.9575505232332,0.26321123101677735,784.3832118923455
2023-01-20 02:00:00,296.9146198123875,1.4793013000654123,940.721755803927
2023-01-20 03:00:00,299.0875365225531,2.538634626828972,1130.9382421125542
2023-01-20 04:00:00,299.593704507194,0.38427394772394036,1081.6487650952186
2023-01-20 05:00:00,303.52262667873134,0.5095697137265804,1058.6194030206711
2023-01-20 06:00:00,286.18470186639564,0.17611884703393627,2719.028438376343
2023-01-20 07:00:00,287.51467808673084,0.0692488727395106,3492.9775975282773
2023-01-20 08:00:00,284.70825194320474,3.232494787294796,4258.677912237156
2023-01-20 09:00:00,273.5832056587521,0.282923307818562,3810.897356608712
2023-01-20 10:00:00,287.17896545422985,0.7054633207890275,2128.92328642694
2023-01-20 11:00:00,282.55575631675083,0.3667209531647431,1501.1940788193008
2023-01-20 12:00:00,288.19318411052654,0.013219962318845199,1250.2422478861001
2023-01-20 13:00:00,302.80687744109275,0.3479617236698254,1626.9249151836232
2023-01-20 14:00:00,270.925576014408,0.2845372275321062,1628.3269640202861
2023-01-20 15:00:00,279.03482792288645,1.0436956133310191,2994.6344158494717
2023-01-20 16:00:00,287.90655112997035,0.7191770087475703,4059.9981943865914
2023-01-20 17:00:00,302.7301268560821,0.6376069195067108,4580.3252524048585
2023-01-20 18:00:00,305.2853610610815,1.6495510079930058,3696.6950707746305
2023-01-20 19:00:00,287.3536528460612,0.1390285219917469,3098.4620149375633
2023-01-20 20:00:00,312.0091679124168,1.810640422090879,1649.272741198945
2023-01-20 21:00:00,304.2200838614694,1.182981647716495,1305.0129652740827
2023-01-20 22:00:00,294.5306739609661,0.17710431655542194,988.6449312053945
2023-01-20 23:00:00,288.99820758282095,0.5588437923257384,1316.731865240818
2023-01-21 00:00:00,290.3026058171216,1.6553571746374498,681.5201592146657
2023-01-21 01:00:00,278.17986740517875,1.6043066975574383,1109.8941972327866
2023-01-21 02:00:00,283.384775690002,0.28250831359586026,1210.5307569394581
2023-01-21 03:00:00,283.15138582089685,0.4741845165923927,1060.648202459963
2023-01-21 04:00:00,285.6239061646433,0.10061091909534611,1136.587200709247
2023-01-21 05:00:00,284.10603175084543,1.555347336396187,1235.1918795794093
2023-01-21 06:00:00,304.8059462002214,0.012190310232959743,2225.3026323047357
2023-01-21 07:00:00,277.04310039158844,0.5587460533806481,3779.8847319374822
2023-01-21 08:00:00,292.66352946477906,1.0454221184071102,4536.979594303395
2023-01-21 09:00:00,300.80973733645124,1.224018867161666,3683.111270682058
2023-01-21 10:00:00,297.54575237966117,0.06007925908934644,2273.788951457899
2023-01-21 11:00:00,292.3967130757593,1.9434757024892206,1273.9457407256307
2023-01-21 12:00:00,311.7724024976493,0.25231048232500247,1067.6004113721517
2023-01-21 13:00:00,295.21795967995183,1.0321776436782766,1353.6918066407698
2023-01-21 14:00:00,285.15986204460773,0.8746248797819878,1439.6128520301686
2023-01-21 15:00:00,287.7453207780458,0.570184789907474,3099.7674735857436
2023-01-21 16:00:00,294.55242971880193,0.018287321239703055,3856.4273808832786
2023-01-21 17:00:00,294.26197318833056,0.6488993299585855,4525.508958834088
2023-01-21 18:00:00,295.38023024722656,0.0026075030218854593,3984.002346344358
2023-01-21 19:00:00,283.78843482647267,2.193110893892413,3109.962042772665
2023-01-21 20:00:00,285.0644809668649,0.3614991599842893,2060.061859273386
2023-01-21 21:00:00,293.35164475656876,0.26617343909063285,1058.7521956683672
2023-01-21 22:00:00,298.84246579695883,0.7177506879211765,1011.4068146069208
2023-01-21 23:00:00,279.9464301280587,0.5132575911283033,564.2429442539858
2023-01-22 00:00:00,298.3984967323129,0.07291778511679918,465.74844752897064
2023-01-22 01:00:00,287.2828378636626,0.030551414710697285,1127.8859828949842
2023-01-22 02:00:00,284.18162001061336,3.300780443436384,1219.9294691722216
2023-01-22 03:00:00,280.8099575939523,0.45209058875963887,874.0025267493808
2023-01-22 04:00:00,312.5778952839214,0.7678297559289744,690.0540396592739
2023-01-22 05:00:00,286.7756207631917,1.000531900490549,1095.4980386133298
2023-01-22 06:00:00,302.5218793515656,0.6012608138959944,2084.74476620261
2023-01-22 07:00:00,282.2233661550778,0.34734675406871957,3640.3056385721875
2023-01-22 08:00:00,275.29389002894743,0.42674394765296403,4511.065978028576
2023-01-22 09:00:00,295.9420142060198,2.603920106708967,3394.894636787214
2023-01-22 10:00:00,284.27253961015487,0.04535454380824593,2176.0035979616814
2023-01-22 11:00:00,292.3597187659975,0.17756848804850361,1374.6914074396432
2023-01-22 12:00:00,281.8417603026002,0.13427888751074907,1540.35078924613
2023-01-22 13:00:00,283.5492616431904,2.2181294041020254,1481.1441820471164
2023-01-22 14:00:00,291.03969889822463,0.5312572294701661,2035.896632791765
2023-01-22 15:00:00,298.42977605979297,3.5086029474377924,2725.268480681362
2023-01-22 16:00:00,260.9094765515159,0.3842941093275155,3521.0408529915903
2023-01-22 17:00:00,292.77791971158496,0.6570993501905543,4359.437670588206
2023-01-22 18:00:00,300.7610201875412,2.2010517191194143,3772.577550458888
2023-01-22 19:00:00,299.7515285693942,3.8144845359358945,2321.688822201081
2023-01-22 20:00:00,303.3726196814678,0.6972249152539509,1926.1436282095574
2023-01-22 21:00:00,291.08979119387664,0.4350810077936297,1261.5522603054076
2023-01-22 22:00:00,290.2363971164456,1.667155458298228,703.7075596842532
2023-01-22 23:00:00,293.15719857567956,2.7295917753969086,795.3550726908746
2023-01-23 00:00:00,289.0798066317824,0.5526314952489776,928.4169736325506
2023-01-23 01:00:00,280.862808229461,0.9954023759049968,644.2604276126001
2023-01-23 02:00:00,284.0994683020394,0.14764978361008307,1026.277742354836
2023-01-23 03:00:00,286.9340688901662,0.18971488281462304,593.7424345181753
2023-01-23 04:00:00,293.1896116952633,0.0566438583320513,1203.91246760926
2023-01-23 05:00:00,286.0505047781714,0.378590759697851,1984.7816295414236
2023-01-23 06:00:00,293.3929894149869,0.8273306993336574,3139.849576111686
2023-01-23 07:00:00,296.3193884414757,0.24997295669753866,3820.604715169071
2023-01-23 08:00:00,275.89994329796144,1.1358028569164782,4331.152716564908
2023-01-23 09:00:00,294.2444122114615,2.424946526465667,4081.4902820001003
2023-01-23 10:00:00,281.62427689879127,3.1163220819473927,2206.652706942081
2023-01-23 11:00:00,280.01634259400777,0.5018484651003533,1745.920004778259
2023-01-23 12:00:00,308.54330483946916,0.08377398947015793,1104.4044480396146
2023-01-23 13:00:00,280.75037662742255,0.32414434322731994,1235.6458287819921
2023-01-23 14:00:00,282.3590940398386,0.1857742584148707,1682.3186365284635
2023-01-23 15:00:00,277.08863589287796,0.22950020283593064,3040.7539712512994
2023-01-23 16:00:00,285.9084599665154,1.0932467441034408,3551.302750415107
2023-01-23 17:00:00,306.54075629950023,0.5937991401557183,4594.014111212697
2023-01-23 18:00:00,298.5027328330659,0.175445176794897,3573.6605552177853
2023-01-23 19:00:00,289.5375432516817,1.2884559609160429,2852.27981907016
2023-01-23 20:00:00,279.5099644441605,1.8843349915248713,1831.0520773269584
2023-01-23 21:00:00,294.7602801892204,1.6259334351381203,1304.2209118320395
2023-01-23 22:00:00,287.6555767482157,0.1780868261287476,750.5914051284528
2023-01-23 23:00:00,301.0323548694133,1.3171113452396612,661.5108525191885
2023-01-24 00:00:00,294.13814121647755,0.7230681689166316,853.6759157269692
2023-01-24 01:00:00,299.7184763471197,1.1708097003673286,828.7824938851599
2023-01-24 02:00:00,267.69107950971403,1.9413489489872706,396.0309175315718
2023-01-24 03:00:00,285.8648234990808,0.36276571135092606,682.562683714346
2023-01-24 04:00:00,282.02991284241705,0.8210550167775335,1023.2370322765288
2023-01-24 05:00:00,281.3100913296742,0.2657042830628687,1536.812982449847
2023-01-24 06:00:00,282.33025703189867,0.0703439927707435,2248.248477312127
2023-01-24 07:00:00,294.87434861204355,4.192759385333791,3318.1480208512608
2023-01-24 08:00:00,288.27017985665924,0.3136903327161498,4545.015603831907
2023-01-24 09:00:00,291.1885578488077,0.5374264275254964,3696.5920953748837
2023-01-24 10:00:00,292.20090862481334,0.22095305575065807,2489.871332374164
2023-01-24 11:00:00,297.2173430320054,1.3897758028544502,1240.6596632056182
2023-01-24 12:00:00,284.9087258813558,3.30053678724995,981.0108463819827
2023-01-24 13:00:00,279.566351465278,0.346647628060124,1287.8615736074294
2023-01-24 14:00:00,277.7265160447214,0.49673390348665347,1692.5852593682944
2023-01-24 15:00:00,300.74449014393196,2.5976878197170286,2607.87188955919
2023-01-24 16:00:00,299.95535204473435,0.3713363733327367,4025.1068946731784
2023-01-24 17:00:00,291.617250524672,2.220321781612496,4263.756816942493
2023-01-24 18:00:00,307.3631783043997,0.3917177063685981,4331.472530327053
2023-01-24 19:00:00,280.6830532281411,0.28461744212239365,2667.890732980447
2023-01-24 20:00:00,297.3497014747582,0.33460820328627705,2031.7463932651594
2023-01-24 21:00:00,279.5076906677131,3.86498583098417,1429.6135364042168
2023-01-24 22:00:00,278.041216886343,0.5647094185186017,882.4545228225868
2023-01-24 23:00:00,282.8418564330661,0.025276200965621255,690.9488203758748
2023-01-25 00:00:00,296.5545283483806,0.16516090731840816,151.5807894476137
2023-01-25 01:00:00,281.49358702061807,0.03280476665601605,896.0345106111033
2023-01-25 02:00:00,275.9981935552001,0.8346601707259432,787.8728706133711
2023-01-25 03:00:00,296.82658964248094,0.27579861737520883,898.5218654859428
2023-01-25 04:00:00,302.66166258957327,0.5247371925279436,856.3042544565485
2023-01-25 05:00:00,278.97763653899324,0.9214155028467619,1123.5424248486404
2023-01-25 06:00:00,298.93216650991957,0.02318380593493221,2298.720560618663
2023-01-25 07:00:00,285.8603647060853,0.5529376187459486,3832.0902183277444
2023-01-25 08:00:00,293.21940413149656,2.4720875126568886,4266.235224087496
2023-01-25 09:00:00,294.74472448571487,0.061276158352541334,3912.568938497753
2023-01-25 10:00:00,282.6037522672473,0.41993160996942464,2301.624154445511
2023-01-25 11:00:00,319.33536676306215,1.8087911873306464,765.2783255252425
2023-01-25 12:00:00,289.05682441906106,0.45300005704833746,1091.422063284486
2023-01-25 13:00:00,284.52317238017,0.5625450670409852,1211.6843367896918
2023-01-25 14:00:00,286.5549147686913,1.0656053779345813,2401.7763357133504
2023-01-25 15:00:00,290.3306176330045,0.4466097381527425,2899.222776641216
2023-01-25 16:00:00,291.371836330927,0.5347996131414527,3833.055658438131
2023-01-25 17:00:00,303.91684059200566,0.04833200430901421,4161.726856496155
2023-01-25 18:00:00,257.2606389754957,0.10616474126339737,3731.660136374298
2023-01-25 19:00:00,284.91725155164863,1.4653130849387648,3280.960210805702
2023-01-25 20:00:00,285.6802160448027,0.45689737947843184,1844.121451080513
2023-01-25 21:00:00,295.9552890494111,1.0856058829313773,1765.8625502601521
2023-01-25 22:00:00,296.30677223918195,0.3259162414748924,1143.187560951206
2023-01-25 23:00:00,278.775163884908,1.1541511962741955,503.0709763045444
2023-01-26 00:00:00,287.62848858540457,4.036792032761055,712.3695679354352
2023-01-26 01:00:00,304.49712583666275,0.08030323415143782,899.6549182315182
2023-01-26 02:00:00,298.7983051363915,0.7922049885194528,842.5079600085702
2023-01-26 03:00:00,295.20811257364045,0.09143375093553792,797.7266045789308
2023-01-26 04:00:00,285.93275967920226,2.1174158158127856,1085.5054913661663
2023-01-26 05:00:00,291.98389304721536,0.7152661661994613,1333.3866767462903
2023-01-26 06:00:00,299.61058298525563,2.1809997715124587,2609.2524120816865
2023-01-26 07:00:00,292.8579939830532,0.08429397260337822,4001.0346169288064
2023-01-26 08:00:00,293.5340932360975,0.4135576383071534,4686.496619922944
2023-01-26 09:00:00,297.2111720016351,1.2776765613134802,3428.5833724307877
2023-01-26 10:00:00,287.3807701690366,0.23007849655777243,2283.317393093621
2023-01-26 11:00:00,285.8503735975575,1.6484769667211963,788.1711911529502
2023-01-26 12:00:00,280.1231451410836,0.4748606838928653,1281.6560944934388
2023-01-26 13:00:00,291.79603291343784,3.06251323206728,1687.9855884554968
2023-01-26 14:00:00,283.25073287483224,0.2674574686299464,1925.0506995540773
2023-01-26 15:00:00,291.61188148243707,1.0483710346847144,2918.301775253631
2023-01-26 16:00:00,284.7033104590217,0.8195408259758248,4132.086196656228
2023-01-26 17:00:00,285.3895818155298,0.014138089628155253,4917.330647702998
2023-01-26 18:00:00,281.6595888690665,0.411111917215328,3617.822542085182
2023-01-26 19:00:00,302.35279456772435,0.7906146268280421,3202.859985987334
2023-01-26 20:00:00,290.2119240524832,1.8836762460257435,1836.0605913830182
2023-01-26 21:00:00,270.6153720695786,0.00792766851497212,1154.9706403155783
2023-01-26 22:00:00,288.2332265337467,0.814238404217733,1018.4592844704072
2023-01-26 23:00:00,293.4617188440508,0.2145829160958143,1134.4240200004813
2023-01-27 00:00:00,284.1027064741271,0.01505787061042351,586.9212922745825
2023-01-27 01:00:00,287.4489870751097,0.14026635650674552,358.5091725971397
2023-01-27 02:00:00,271.0533320382137,1.823633561599497,483.40537033475283
2023-01-27 03:00:00,290.19490414094713,1.2666326559912602,1237.3724743063467
2023-01-27 04:00:00,279.1060085053416,0.10719619043801593,502.62914383910373
2023-01-27 05:00:00,263.79671196627214,1.03047333113798,1481.9509205490203
2023-01-27 06:00:00,307.03819655552303,0.4361102445274353,2482.0642706424433
2023-01-27 07:00:00,301.4922638921469,1.5803297543548758,3533.9949586650323
2023-01-27 08:00:00,298.9731180222459,3.1586757270441668,4538.826608412934
2023-01-27 09:00:00,297.073523808645,0.7329089021429838,3843.07554965537
2023-01-27 10:00:00,293.0040325814502,0.7830113855375274,2449.6386076837935
2023-01-27 11:00:00,296.94295221348443,1.5338513006184042,1756.8933135295788
2023-01-27 12:00:00,278.8392576941334,1.5456020161387496,1214.480112439895
2023-01-27 13:00:00,300.258351963299,1.4426812544635417,1195.9260618821543
2023-01-27 14:00:00,275.10751283526986,0.2107715265525069,1899.8443073807107
2023-01-27 15:00:00,291.2691253116718,0.7461326948404489,2556.587208301303
2023-01-27 16:00:00,295.27982603297,1.787707097944807,4443.922848145574
2023-01-27 17:00:00,309.2831260791855,4.645028155706148,3988.767969160213
2023-01-27 18:00:00,287.7376252686044,1.3859378431991543,3923.5821427271703
2023-01-27 19:00:00,288.19599298313943,1.3152090389970705,2752.480861470408
2023-01-27 20:00:00,318.93190579977096,1.1581498483663906,1670.0628116633661
2023-01-27 21:00:00,285.0977629302119,0.15600281212829203,1435.6412208317047
2023-01-27 22:00:00,284.2733943263007,1.35366699138185,1221.3255433680633
2023-01-27 23:00:00,300.1417442809815,0.4234110950162239,726.9621565109036
2023-01-28 00:00:00,305.72218693945484,0.17560946352012552,730.102069426646
2023-01-28 01:00:00,281.2754336761264,0.3122810547642952,1047.698462261239
2023-01-28 02:00:00,290.6346965208461,0.18144514817819776,861.7192682925729
2023-01-28 03:00:00,275.5387136575777,0.12504528825747382,818.5669456675471
2023-01-28 04:00:00,265.4636556699226,3.2840874548354084,321.984654665957
2023-01-28 05:00:00,306.0951873318704,0.410322578891472,1574.685191384589
2023-01-28 06:00:00,291.85821531227236,1.1895600511299806,2454.597985867643
2023-01-28 07:00:00,293.3525296393062,1.1784640410432938,3620.5492247068496
2023-01-28 08:00:00,300.981187931469,0.9539258051594401,4069.5556877018093
2023-01-28 09:00:00,285.6798004836134,0.2026757603439348,3949.3688935130763
2023-01-28 10:00:00,298.14924808535284,0.4933187358794685,2812.3206842562895
2023-01-28 11:00:00,292.3754954179925,1.7981458305310396,1644.852411843704
2023-01-28 12:00:00,280.30353594843706,0.2813478860730369,1146.0941495494908
2023-01-28 13:00:00,294.2749399450143,1.4007290711000213,1341.132298848432
2023-01-28 14:00:00,266.278362594962,0.4934620304455783,1532.148846808626
2023-01-28 15:00:00,282.57770759363757,1.2924967151863778,3083.7668633574444
2023-01-28 16:00:00,295.69518575481993,0.2755581263755536,3667.0331701729274
2023-01-28 17:00:00,291.4773874345819,2.8782631485177497,4665.124044785863
2023-01-28 18:00:00,288.95428913025904,0.9756701002596362,3981.560920869201
2023-01-28 19:00:00,301.25154972306626,1.618263563063518,3117.088154933204
2023-01-28 20:00:00,287.0962857138171,0.4802322992928618,1962.457522192603
2023-01-28 21:00:00,296.7148819802482,2.53441278563621,1218.1771314895636
2023-01-28 22:00:00,282.87305041780235,0.7526344572663971,858.5776456992335
2023-01-28 23:00:00,282.64916186092614,4.322164975262509,442.46467714476273
2023-01-29 00:00:00,286.13930917677567,1.0760192481270718,1043.7679342915915
2023-01-29 01:00:00,268.2677661455989,0.572118931070858,829.7385137301404
2023-01-29 02:00:00,289.09723012530054,2.1555521935588517,1095.3070090427987
2023-01-29 03:00:00,303.69668591594353,0.11233067214478396,938.4253902299279
2023-01-29 04:00:00,298.62867957734045,0.98512197508584,1196.510933209941
2023-01-29 05:00:00,281.95275728386554,0.10162366143269616,1258.3850955873525
2023-01-29 06:00:00,281.8192993577112,1.3502126612250571,2206.897664892822
2023-01-29 07:00:00,283.6054820621684,2.2241633288314744,3593.593077481269
2023-01-29 08:00:00,278.9700861400983,0.12093428714789396,4532.411688033506
2023-01-29 09:00:00,303.7844445192355,0.21901749370654253,3246.0188684442437
2023-01-29 10:00:00,298.79227353638834,0.703368149011725,2511.548747455782
2023-01-29 11:00:00,310.13162448082784,0.9093446236290592,1359.7804931498947
2023-01-29 12:00:00,296.72410447150594,0.2637494183405213,1410.3624731437437
2023-01-29 13:00:00,283.2654487686722,0.8800535374614745,1331.6726453315468
2023-01-29 14:00:00,272.4058218699662,0.0744519685355747,1787.4917044040158
2023-01-29 15:00:00,289.0277512886879,1.5588496017489855,3093.8543816903452
2023-01-29 16:00:00,293.5119850449679,1.693201521251825,3436.756686776121
2023-01-29 17:00:00,284.7680367431538,2.234316400917807,4190.269801226304
2023-01-29 18:00:00,291.1236181330975,0.3067237922271544,4015.5482315449403
2023-01-29 19:00:00,297.9769962347183,1.005223943952778,2835.429426432278
2023-01-29 20:00:00,284.56791062985457,1.0578528625656363,2155.7245006440853
2023-01-29 21:00:00,281.68680173936843,0.9660970617841493,1686.5697741919864
2023-01-29 22:00:00,310.5581971464169,1.4515502292135072,517.2894011703314
2023-01-29 23:00:00,281.447350449443,0.24992564408104484,1054.0835168663077
2023-01-30 00:00:00,276.01573368141425,0.22844832410387442,896.7513818014712
2023-01-30 01:00:00,301.594189688915,0.2511036448647884,550.1811960498826
2023-01-30 02:00:00,298.70226898385886,0.9472285839764746,899.3230365112012
2023-01-30 03:00:00,289.9358670865758,0.32902065174967565,854.5626006250252
2023-01-30 04:00:00,296.69718529694245,0.7788424014641021,1135.8510437533716
2023-01-30 05:00:00,294.1443829691339,1.043839718859573,1498.0720125428895
2023-01-30 06:00:00,287.7131334622603,0.06260244516892953,2721.1930329145653
2023-01-30 07:00:00,284.4977840718663,0.19863307336426034,3531.342670727353
2023-01-30 08:00:00,281.0004101133738,0.368701418934181,4912.044540684319
2023-01-30 09:00:00,285.7580091053018,0.72790830158367,3792.543830662492
2023-01-30 10:00:00,297.5893468631075,0.06762456594710539,2190.478800649228
2023-01-30 11:00:00,287.614396115322,0.13665643536786629,1606.6682190047006
2023-01-30 12:00:00,281.5456675283702,0.9817240433758398,1284.4640578747883
2023-01-30 13:00:00,278.4202022316934,0.5015543459195434,1221.6062871120198
2023-01-30 14:00:00,282.6854467456759,2.5844586168464008,1876.2500220536426
2023-01-30 15:00:00,303.8428637623339,2.7872145733613705,2513.480246426252
2023-01-30 16:00:00,303.32137228166044,3.29079965899145,3546.0455901761306
2023-01-30 17:00:00,290.75670940888654,0.8337265274386527,3853.1160190913633
2023-01-30 18:00:00,293.8540267777866,0.31763708952331293,3787.5667826929694
2023-01-30 19:00:00,287.53808873322515,1.1321810672290458,2791.189288214629
2023-01-30 20:00:00,288.35549660401796,0.6358626935521893,1961.4321184064245
2023-01-30 21:00:00,292.42990710409924,0.520135184980985,1485.7764176680464
2023-01-30 22:00:00,298.5574672014611,1.0581975223245106,1039.568862063109
2023-01-30 23:00:00,291.058598355676,0.035826706329637505,1221.700879303441
2023-01-31 00:00:00,284.0960467258496,0.5232699538124113,974.2200935784241
2023-01-31 01:00:00,291.0877847729975,0.13928323617599928,783.8059978700333
2023-01-31 02:00:00,295.2771814981125,0.25688158916040954,1117.053967916277
2023-01-31 03:00:00,290.1824320029623,0.018116783906718174,1067.509413087229
2023-01-31 04:00:00,278.2422776026529,0.33262984501759263,844.4899248670989
2023-01-31 05:00:00,281.84194295736455,0.3374869264045067,1509.527663690675
2023-01-31 06:00:00,276.4926395966027,0.013589658704074081,1939.7537813199096
2023-01-31 07:00:00,298.0177123412351,0.635466476856983,3725.003485224621
2023-01-31 08:00:00,296.40759052487505,1.4928386455025637,4169.330625281811
2023-01-31 09:00:00,278.88641687789163,0.35775153300938706,3948.0237376562623
2023-01-31 10:00:00,287.7934147549075,0.007157273092680638,2237.2656580911307
2023-01-31 11:00:00,300.5867384102218,0.0025170617661297644,1291.974325514665
2023-01-31 12:00:00,278.3662460966558,0.12559159879169532,1285.8947372170173
2023-01-31 13:00:00,285.47462489580295,0.556986210952884,1576.9673730213563
2023-01-31 14:00:00,283.05029416930546,1.2753594690505967,1807.4250636083189
2023-01-31 15:00:00,286.75416332081977,1.6574585689615187,3093.1277710656555
2023-01-31 16:00:00,293.94810430124477,0.8250025424018197,3870.2656320944006
2023-01-31 17:00:00,288.6896091405519,1.6091514981515485,4255.317936535816
2023-01-31 18:00:00,299.25996609406366,0.05085675092345137,3543.384265501968
2023-01-31 19:00:00,288.68323457141594,0.5442949654730007,3026.7422560080104
2023-01-31 20:00:00,281.02051851115067,0.9666262179659795,1856.8081213752455
2023-01-31 21:00:00,274.7277597632051,1.38797608310745,937.074146417581
2023-01-31 22:00:00,292.89648917566814,0.8238466184242341,1222.2794993577593
2023-01-31 23:00:00,296.312375123962,1.237677260683356,897.4439551391068
2023-02-01 00:00:00,293.2204280368497,0.1505486944183745,976.2839679749566
2023-02-01 01:00:00,295.3911517081819,1.7002523080581053,930.4797753088033
2023-02-01 02:00:00,279.8644048267156,0.24689045979998842,100.0
2023-02-01 03:00:00,287.3101033504533,1.962382210115112,1035.585945717492
2023-02-01 04:00:00,280.1755744068513,1.480740845013826,771.6211532255813
2023-02-01 05:00:00,300.709542917934,0.46028628364975704,1116.5040032853767
2023-02-01 06:00:00,302.5793157267896,2.7035407015596067,2344.409871588166
2023-02-01 07:00:00,317.74748399797454,0.31871919950405525,3468.99408761045
2023-02-01 08:00:00,287.2734473089399,0.4532973529002546,4642.472598523794
2023-02-01 09:00:00,279.7610677632124,0.7295469848143596,3477.7768240840414
2023-02-01 10:00:00,301.66211937470774,0.5124108642587684,2325.3427334654775
2023-02-01 11:00:00,290.4021993216364,0.5055229910188849,1380.8853581644344
2023-02-01 12:00:00,281.80812141203495,1.2164428573470472,1063.7225960595147
2023-02-01 13:00:00,289.7482233349271,0.06255305717911291,1079.177899420739
2023-02-01 14:00:00,296.40734922713744,0.061697013632925075,2206.5841871808448
2023-02-01 15:00:00,267.1976139915854,1.2332833968684973,2737.4614071168066
2023-02-01 16:00:00,294.90733468111614,0.32870353614125775,4404.864763295518
2023-02-01 17:00:00,292.0170194570568,0.07879943614938065,4505.714754786946
2023-02-01 18:00:00,296.5541350579809,1.156059206203822,3830.2299316091976
2023-02-01 19:00:00,285.2833819502325,1.4355767229643488,2887.7639311451517
2023-02-01 20:00:00,300.8208748475397,0.3986667751789029,1949.6010118377924
2023-02-01 21:00:00,268.2187156867884,0.9589935612381139,1070.5959445735448
2023-02-01 22:00:00,286.1963623339533,1.505370659018837,994.6314459915111
2023-02-01 23:00:00,279.4398493904188,1.921656728455446,524.8273310070874
2023-02-02 00:00:00,286.12729325057035,0.1838966153238208,557.5040097881893
2023-02-02 01:00:00,296.7084029174103,4.268608453183964,804.1574567169644
2023-02-02 02:00:00,283.11725044271026,0.07236607336674214,993.59774966584
2023-02-02 03:00:00,305.29656493092483,1.9913319436050332,779.9524949973535
2023-02-02 04:00:00,278.3420789517278,1.0637702379902934,876.5407087941659
2023-02-02 05:00:00,295.6448075869586,0.09426801155245097,1153.437915787572
2023-02-02 06:00:00,312.29486230427034,1.7635208463272218,1909.960678200255
2023-02-02 07:00:00,292.94873853071596,1.0020540075011015,4018.4598474519807
2023-02-02 08:00:00,290.01172830255973,0.8194927822847173,4270.575934493204
2023-02-02 09:00:00,294.9064916398751,0.21695295327301203,3255.8798229311496
2023-02-02 10:00:00,284.0677523471636,1.2390142940125073,2085.96050398096
2023-02-02 11:00:00,279.98233184351653,0.1006234850052013,1633.15583072029
2023-02-02 12:00:00,294.62342796950566,2.3936029689582314,1270.627500189912
2023-02-02 13:00:00,283.0493427324329,2.0898417557111593,881.9673760754389
2023-02-02 14:00:00,300.2646940766458,1.2849895800665938,1856.0203972827387
2023-02-02 15:00:00,291.4465488231474,0.4197242176518487,3253.555078228345
2023-02-02 16:00:00,299.48697323538806,0.08935301025390652,3634.8142336869414
2023-02-02 17:00:00,294.7075421910943,1.7180792701526637,4603.068103886443
2023-02-02 18:00:00,281.1081892887278,3.013159000660929,3526.99280922181
2023-02-02 19:00:00,294.3436164990116,2.035328341787144,3005.497575805033
2023-02-02 20:00:00,299.7219009768364,0.9821243187989479,2112.2430609412036
2023-02-02 21:00:00,279.57971818831754,0.7003630613842471,1184.5677539643802
2023-02-02 22:00:00,286.0257766358808,0.38097029256922194,877.2149383885223
2023-02-02 23:00:00,298.1465746179913,1.6258459332381332,847.5268865238484
2023-02-03 00:00:00,287.4755337000565,0.9756348883831159,865.6522215233995
2023-02-03 01:00:00,288.68325508116095,0.27522047654887827,977.9021394388319
2023-02-03 02:00:00,293.0181638951782,2.527897420635899,1065.2274869101063
2023-02-03 03:00:00,284.49813873677317,0.16366088185369812,1106.881977829936
2023-02-03 04:00:00,300.0868862630352,1.2882971091329536,1011.0635951664777
2023-02-03 05:00:00,301.4149865093983,0.6306047873914112,1285.1360361996706
2023-02-03 06:00:00,277.1346269620154,0.38798248365248483,2449.3586534875594
2023-02-03 07:00:00,281.1083727311599,2.9297230913801746,3471.6659520093176
2023-02-03 08:00:00,287.59476448877314,0.23323219890657135,4381.967725558123
2023-02-03 09:00:00,286.45306814305263,0.11747820367506066,3879.2352383398693
2023-02-03 10:00:00,294.6022455571124,0.8131181265914331,2389.8478524455372
2023-02-03 11:00:00,279.97820969453755,0.5834746923817447,1301.5775677862696
2023-02-03 12:00:00,288.8483175314838,2.575002995385716,1289.6663810936366
2023-02-03 13:00:00,285.54807171348165,0.014530160845886975,1356.2561314286122
2023-02-03 14:00:00,288.430416863627,0.6220020606401295,2245.617179855671
2023-02-03 15:00:00,281.58098771617676,0.7819925127606512,2877.5885620019367
2023-02-03 16:00:00,296.5038908410062,0.5266452282331349,3950.071697243848
2023-02-03 17:00:00,299.09948716950527,0.7032141133613594,3562.146759959925
2023-02-03 18:00:00,277.04763752225915,0.14886458022472382,3449.416029257814
2023-02-03 19:00:00,296.6813934726225,0.2519904741344308,2929.1317815799753
2023-02-03 20:00:00,285.4383713828142,0.13637869119223509,2194.3302256441616
2023-02-03 21:00:00,294.48021241999743,0.09715336408302683,1569.8523310560797
2023-02-03 22:00:00,290.5964569646601,0.3305979543694446,1294.1294422799376
2023-02-03 23:00:00,307.33064000443085,1.1876225447648208,695.3204122338435
2023-02-04 00:00:00,289.3158989020194,0.30818073824965336,1130.1706053107023
2023-02-04 01:00:00,294.138348869888,0.5457879685850271,533.9082222285774
2023-02-04 02:00:00,290.5355095123556,0.19085318563757078,721.6294418504597
2023-02-04 03:00:00,287.6805284730792,1.079140417195533,1229.0044133638924
2023-02-04 04:00:00,267.8819818230457,0.07574416564553883,796.5428106065859
2023-02-04 05:00:00,285.2935430718927,0.6313292767644735,1504.9783768268462
2023-02-04 06:00:00,291.4028224542606,0.9631459933893369,2098.9492605561736
2023-02-04 07:00:00,301.9718487123591,1.2431300208192275,3844.528749056607
2023-02-04 08:00:00,300.94926878084107,0.21040904178984712,4212.2639355977
2023-02-04 09:00:00,301.42766569133886,0.9583564141671413,3573.1682121467993
2023-02-04 10:00:00,281.76089936719336,1.0777395386949833,1922.5076740311679
2023-02-04 11:00:00,272.59977929233685,0.23406218085511196,1065.8168885592572
2023-02-04 12:00:00,274.76722122130076,0.4647304478543728,1134.1051637748994
2023-02-04 13:00:00,265.6379461600932,0.6330417789390448,1326.0389707295344
2023-02-04 14:00:00,270.22883630870547,1.0508749219157296,1842.1952359141342
2023-02-04 15:00:00,290.83676976703003,1.0060568173067133,3549.446156923757
2023-02-04 16:00:00,282.16885754353785,0.48445396270697727,3851.445716904812
2023-02-04 17:00:00,298.9398847597259,0.9374247846008543,4216.981856462503
2023-02-04 18:00:00,276.99429774719755,0.7350024984983778,3906.1896509705452
2023-02-04 19:00:00,274.8391517972328,0.5239399924919107,3026.2877801212985
2023-02-04 20:00:00,302.9420608968198,1.7566111316919373,2098.216497185678
2023-02-04 21:00:00,282.76142776009664,1.4593686941338486,1147.5659743806375
2023-02-04 22:00:00,303.54900747258625,1.228142022190989,826.5092713791902
2023-02-04 23:00:00,292.7685715841688,0.08149300972688668,912.3930204521258
2023-02-05 00:00:00,285.2340795621699,0.35257099690461596,895.9130455762852
2023-02-05 01:00:00,297.80584945055784,0.07764385014633722,790.7408489251756
2023-02-05 02:00:00,290.7874993101299,0.7045356955684038,798.7778775315576
2023-02-05 03:00:00,310.15240833917284,1.5124903511297438,1070.249829220227
2023-02-05 04:00:00,290.662310290985,0.023361512439778256,999.6201578381284
2023-02-05 05:00:00,282.5910847793597,0.04511288137285266,1734.6966167086512
2023-02-05 06:00:00,302.12671236987086,0.502228632571831,2228.8641094478917
2023-02-05 07:00:00,300.2994789600722,0.262321191827914,3634.6533911388956
2023-02-05 08:00:00,282.1735283187867,0.5390830858356814,4615.697948814629
2023-02-05 09:00:00,301.2371947546479,1.0235718236550924,3533.656896632525
2023-02-05 10:00:00,289.3026308662972,0.720749925119761,2194.3847308437407
2023-02-05 11:00:00,279.54294725429315,0.5229762858214806,1330.5937851521833
2023-02-05 12:00:00,292.7832899735162,1.1998315813848923,1144.1814499712136
2023-02-05 13:00:00,301.9883098516745,0.3400547829912463,1205.0327317831523
2023-02-05 14:00:00,314.3129556675225,0.8173319593505485,1806.8564580135028
2023-02-05 15:00:00,284.9378931524064,0.5598734857416633,2936.604390945528
2023-02-05 16:00:00,299.7555683183218,0.42593827361005776,4104.218326804106
2023-02-05 17:00:00,308.46638290094535,1.8246277841062084,3993.7835220340576
2023-02-05 18:00:00,273.84326480186314,4.045525737176086,4053.240750890724
2023-02-05 19:00:00,288.3616759151436,1.7194414029355847,3329.005236449771
2023-02-05 20:00:00,278.31587624053776,0.042426008087904934,1978.155512871229
2023-02-05 21:00:00,294.377465302387,1.4557128490617992,1542.8111244832148
2023-02-05 22:00:00,290.0678520222471,0.751968999451631,581.9393785175872
2023-02-05 23:00:00,255.6573195556179,0.21972131008366866,143.80789076062194
2023-02-06 00:00:00,299.42106416171697,0.015258500778756059,1281.5693670550058
2023-02-06 01:00:00,301.1529258537173,1.7248969116529276,502.18395340144536
2023-02-06 02:00:00,299.46090456658635,0.23542729269842186,948.8654627655461
2023-02-06 03:00:00,293.9536109244734,0.07564882426171426,1179.0556707759583
2023-02-06 04:00:00,282.38499373891676,0.5061473131215679,1216.0974745070935
2023-02-06 05:00:00,288.3329251773441,1.1811917166168913,1814.8189822131158
2023-02-06 06:00:00,292.24067754543194,4.053734898070375,2218.3379409914246
2023-02-06 07:00:00,284.9394280396247,0.16557852052750746,3218.077503200838
2023-02-06 08:00:00,295.37429446720313,0.44104455800325637,4535.804049181326
2023-02-06 09:00:00,291.3672942991234,1.5553485785357395,3382.8932951859124
2023-02-06 10:00:00,293.66282284058997,2.812698377181062,2362.9678887571995
2023-02-06 11:00:00,279.846568313312,0.07269476070171427,1306.472939305592
2023-02-06 12:00:00,293.19154065448134,0.8045486283790158,1148.571459437075
2023-02-06 13:00:00,278.69587834142754,0.44601091136928955,860.7054922928577
2023-02-06 14:00:00,288.977829942103,0.20849146951077427,1824.7632200557923
2023-02-06 15:00:00,283.18864939102957,0.7156654390136264,3157.7040624868387
2023-02-06 16:00:00,298.7525865668601,0.0433227963077538,4240.296653584888
2023-02-06 17:00:00,284.8383171594843,1.6211292981954344,4556.855341357183
2023-02-06 18:00:00,288.31194853151044,0.3340103050961571,3822.246474899049
2023-02-06 19:00:00,283.5191583804498,0.265437248062157,3071.39247056138
2023-02-06 20:00:00,287.6724189506576,0.6911809507587362,1816.6373536849683
2023-02-06 21:00:00,283.7419809280559,0.2780652956628998,1661.1262782891527
2023-02-06 22:00:00,275.3713533084167,0.6519028830579761,697.8337223019934
2023-02-06 23:00:00,300.4253333786155,0.42581475449561784,648.5571130111393
2023-02-07 00:00:00,287.1828450301087,3.3900808105392732,659.767792485536
2023-02-07 01:00:00,287.5587486478474,0.5092391891708907,996.7351077849908
2023-02-07 02:00:00,290.2720022025253,0.07825696090576925,1198.7401648298082
2023-02-07 03:00:00,294.88855946689523,1.419038503079233,466.65127831949354
2023-02-07 04:00:00,285.8645392388025,0.529898887514251,976.9069158820307
2023-02-07 05:00:00,271.6516907334593,1.7607569732702475,776.0784856426758
2023-02-07 06:00:00,301.2343768217462,0.27366458379943825,2446.8318639444433
2023-02-07 07:00:00,313.4820824214039,0.661896851261523,3118.2116668848594
2023-02-07 08:00:00,272.9349728737132,2.370824458732402,4025.9685884344062
2023-02-07 09:00:00,275.22348898022517,0.9012213053388171,2877.4556521311924
2023-02-07 10:00:00,266.9183295996602,0.41876293358117106,2078.169777642677
2023-02-07 11:00:00,284.8601091671987,1.2854413179103465,1000.2481792163501
2023-02-07 12:00:00,299.2180804889424,0.25678496607563817,1185.0631217117036
2023-02-07 13:00:00,288.1502622661914,0.6637419904916769,1127.6981229624612
2023-02-07 14:00:00,299.53724741661637,0.05643291108665373,1829.676446398361
2023-02-07 15:00:00,290.3382887172729,2.078318461272068,3102.2483222230107
2023-02-07 16:00:00,295.2876007235962,0.5127623431953495,4063.517742259696
2023-02-07 17:00:00,264.10597051773277,0.2980251294718636,4145.912625572732
2023-02-07 18:00:00,291.77448444300353,0.3600397423072074,3691.6194486660725
2023-02-07 19:00:00,297.5860261104128,0.8680657829318218,3003.972808806515
2023-02-07 20:00:00,280.56759540959064,0.6115715077920751,1797.5141377435466
2023-02-07 21:00:00,294.41931959391536,0.4401927236227963,1421.2239656829365
2023-02-07 22:00:00,272.5441272670756,0.6857281334668514,1300.2295641590872
2023-02-07 23:00:00,290.3581709361397,0.2809708536447624,552.8923009023016
2023-02-08 00:00:00,291.39173250198843,0.014531204457359134,745.4069811818496
2023-02-08 01:00:00,292.36044790593996,0.6695512035960038,952.4947415759257
2023-02-08 02:00:00,288.1524559452062,0.6238705756629603,841.690064844994
2023-02-08 03:00:00,300.00812492110646,1.6052664348445718,447.13742795286316
2023-02-08 04:00:00,296.3336487263336,0.2757862903436981,880.1435634534537
2023-02-08 05:00:00,274.8906512104002,0.4857255663566302,1020.6005291274923
2023-02-08 06:00:00,306.916115298782,0.41828359096665163,2500.0586560123825
2023-02-08 07:00:00,297.1538290605826,0.37660923082152015,3348.5729378502365
2023-02-08 08:00:00,301.5969396530326,1.554579158581342,4346.67554370696
2023-02-08 09:00:00,310.3387944706782,0.8063844738863927,3780.2404245334033
2023-02-08 10:00:00,285.53504037081734,0.3296378201839372,2207.66685897508
2023-02-08 11:00:00,286.7258255145853,0.24253183448207838,1717.0482356511338
2023-02-08 12:00:00,292.61758726460494,0.23363943685057972,1568.1221676508337
2023-02-08 13:00:00,313.8192454211613,0.5430786437803065,1268.6111209798878
2023-02-08 14:00:00,312.1220273081838,0.3284221618865245,1660.1674908445093
2023-02-08 15:00:00,291.0466186667145,2.1323751121992975,2821.973059812888
2023-02-08 16:00:00,297.7942581817288,1.6152510780440952,4079.430033847494
2023-02-08 17:00:00,291.67626412696114,4.091180204897059,4148.1395472520035
2023-02-08 18:00:00,310.08365071328274,2.3611739587522402,3563.891131024321
2023-02-08 19:00:00,292.3603522417356,0.3768687078746967,3330.735223076498
2023-02-08 20:00:00,294.922046239525,0.050614751557025876,1652.3597612289793
2023-02-08 21:00:00,269.2848134092787,0.1438461872177257,994.6406217113149
2023-02-08 22:00:00,276.1502741513788,1.0593128981578033,773.1965776617103
2023-02-08 23:00:00,294.3975242995485,0.025158217446272113,529.7871469763377
2023-02-09 00:00:00,293.6725248585227,1.515415435237548,540.6420868750662
2023-02-09 01:00:00,294.2820870394147,0.7894305519480379,778.1850018473501
2023-02-09 02:00:00,273.7185015631734,0.26041524334092525,683.1818955579309
2023-02-09 03:00:00,280.1579316462503,0.9253317115783957,879.5301835291966
2023-02-09 04:00:00,290.45672847100246,0.8135747096011622,1259.1689401327835
2023-02-09 05:00:00,293.9378356295224,0.0926234742393938,1899.7656293106425
2023-02-09 06:00:00,284.21020705612557,1.5324456471596255,2454.4163530813103
2023-02-09 07:00:00,299.04615783556835,0.3224520355465306,3747.060569132489
2023-02-09 08:00:00,290.63377020196623,0.1652312097171029,4671.436749498318
2023-02-09 09:00:00,287.1209999881556,1.1431177787369247,3486.4243084198324
2023-02-09 10:00:00,299.0826458434488,0.5471032206272116,2658.491314842946
2023-02-09 11:00:00,278.04690901047655,0.32297405904648935,1516.080032553882
2023-02-09 12:00:00,285.33755016728725,1.3013363989907778,1008.2934521813148
2023-02-09 13:00:00,285.2775225114593,0.5310465855888649,1038.1059093900456
2023-02-09 14:00:00,268.17779345048297,0.40032770549745306,1240.016154810709
2023-02-09 15:00:00,283.846948953508,1.865161863540426,3648.6648325145725
2023-02-09 16:00:00,294.75027632880074,3.982189435977474,3527.7377591550066
2023-02-09 17:00:00,278.587925834508,0.757137671394362,4356.849528235039
2023-02-09 18:00:00,287.0785820262401,0.3271040286768516,3789.5881153118444
2023-02-09 19:00:00,269.08003396946225,1.351333985776675,2691.1880297216426
2023-02-09 20:00:00,293.7448891490603,1.1063939813506585,1751.5815320365846
2023-02-09 21:00:00,274.85691215297385,0.6107367507640248,1332.8463292213905
2023-02-09 22:00:00,288.4164714227357,0.6080815513963326,919.4589549271516
2023-02-09 23:00:00,287.65860593394444,4.121081569222558,329.7403832807074
2023-02-10 00:00:00,298.2435826964867,0.0751282889039678,842.9420536059221
2023-02-10 01:00:00,288.50206006036507,1.6864553813346042,726.0587438984281
2023-02-10 02:00:00,286.01650620455143,0.6869229543842995,477.4797827279293
2023-02-10 03:00:00,280.97861878904627,4.750761554929129,734.6506400840908
2023-02-10 04:00:00,304.28179809970277,1.0585852663371058,664.4770857918813
2023-02-10 05:00:00,299.0253884502081,2.893620097314123,1367.698956082434
2023-02-10 06:00:00,302.0692340701289,0.04418389679874666,2424.4883643188173
2023-02-10 07:00:00,314.8395790546807,0.2315555569974496,3260.2817134700244
2023-02-10 08:00:00,286.0554802692897,0.28165497934641553,4501.875050454325
2023-02-10 09:00:00,281.6011390922646,0.10052019863628353,3176.816059165012
2023-02-10 10:00:00,296.80313838696225,0.11924988222543735,2611.371088189651
2023-02-10 11:00:00,296.9616921576727,0.342456868482121,1729.066568235248
2023-02-10 12:00:00,295.358150065975,0.5485452653395064,1498.976074775196
2023-02-10 13:00:00,294.46397616177893,0.9796490351022186,951.86196077096
2023-02-10 14:00:00,298.892337476175,2.413753829849606,1468.4223421259044
2023-02-10 15:00:00,287.6069519384306,0.855140274193036,3509.814768124386
2023-02-10 16:00:00,282.05822931539507,0.3019858632504651,3471.4705788181964
2023-02-10 17:00:00,273.77828696003587,0.5766405606401319,4138.435384944958
2023-02-10 18:00:00,299.80836993422344,0.1134059671273615,3938.1613928058705
2023-02-10 19:00:00,299.44393392551325,2.6158174144112145,2547.54148194474
2023-02-10 20:00:00,277.1704349304233,0.2869778314869884,2210.5657972780577
2023-02-10 21:00:00,292.7594588083819,2.4578009714810714,1108.5540468350632
2023-02-10 22:00:00,298.03066982976446,0.3179421275243307,1323.9545458055154
2023-02-10 23:00:00,301.82549725018043,0.5949375037284439,903.5242890907941
2023-02-11 00:00:00,293.3177833606605,1.4827104007636298,974.5888380491283
2023-02-11 01:00:00,294.79096984369244,0.013177397671901767,627.5498585849964
2023-02-11 02:00:00,302.39147848902064,0.20679971043559967,792.3327569384758
2023-02-11 03:00:00,274.62652418897943,0.043590090450524574,925.1879821445673
2023-02-11 04:00:00,281.11693736613523,1.3237374395640507,777.190577335834
2023-02-11 05:00:00,291.8503946806985,0.5762320513809833,1488.2498314691022
2023-02-11 06:00:00,272.4554907578548,0.30608851406771576,2344.613022838911
2023-02-11 07:00:00,280.2438212623677,0.06024831066518829,3646.62391372741
2023-02-11 08:00:00,295.0599135769194,0.9800622720478603,4470.935376213651
2023-02-11 09:00:00,286.26527739723366,0.3785381068027149,3675.795676103425
2023-02-11 10:00:00,289.9077242895005,0.8956511893290712,2729.368704574923
2023-02-11 11:00:00,293.37982095320746,3.2448966774094137,1526.7380874275427
2023-02-11 12:00:00,285.20667660984094,0.19627552852273975,1518.7862581527193
2023-02-11 13:00:00,290.8642109179185,0.15606619138192793,1648.190505974439
2023-02-11 14:00:00,283.50608383930404,1.203801993052406,2013.5347464120205
2023-02-11 15:00:00,281.6975492988652,1.5877753116833964,2610.416092999651
2023-02-11 16:00:00,281.0643519275292,0.12967443582012553,4035.853695837758
2023-02-11 17:00:00,284.70909598387055,3.6897441885761344,4120.6677739678325
2023-02-11 18:00:00,292.26878415302485,0.1249123921410468,3806.9216570817925
2023-02-11 19:00:00,294.48704068779847,0.09072531497926328,2998.3876349566035
2023-02-11 20:00:00,285.77793306669645,0.3600817508243381,2474.591168971049
2023-02-11 21:00:00,292.82334216083416,3.7123989807237154,1087.4656150007459
2023-02-11 22:00:00,287.26131652327535,0.725784866653094,1072.6098689701464
2023-02-11 23:00:00,291.0675282307241,2.188840183128775,962.9209949850741
2023-02-12 00:00:00,287.8427386000316,0.18844770422239918,866.4548201092991
2023-02-12 01:00:00,284.2857247923982,0.1797127596618091,868.129400681539
2023-02-12 02:00:00,284.6788149454082,0.09506021092411804,614.6709997288183
2023-02-12 03:00:00,293.2628185797993,2.232693871768241,1093.781569275665
2023-02-12 04:00:00,272.2024816530609,0.3367377979588485,489.3442614283657
2023-02-12 05:00:00,286.1456166293522,0.23042486923943833,1469.7049900010888
2023-02-12 06:00:00,280.80273086747786,2.5286297269605384,2083.1393912102044
2023-02-12 07:00:00,282.2748345737718,1.0245201665697532,4037.8432094200884
2023-02-12 08:00:00,288.752650480598,1.6443638888660324,4263.778238824875
2023-02-12 09:00:00,293.9001509230707,0.06268443498064262,4056.273166455769
2023-02-12 10:00:00,299.1720177965273,0.6077906504875529,2016.4119040401902
2023-02-12 11:00:00,285.43504456129676,0.0334585912790541,644.60479615722
2023-02-12 12:00:00,283.01430198201166,1.5640634108444895,1372.1353709006937
2023-02-12 13:00:00,318.3695906094805,0.6962090629959418,604.258382294354
2023-02-12 14:00:00,275.9543276517629,0.49571229262830596,2081.4558581573556
2023-02-12 15:00:00,292.48974443308674,0.3356570930603145,2784.773098512978
2023-02-12 16:00:00,276.2848001786947,0.21644566082439204,3482.109776816359
2023-02-12 17:00:00,295.5822240632996,1.1340000271558097,4311.171525769298
2023-02-12 18:00:00,286.662040292468,0.10625287472752795,4208.323824072804
2023-02-12 19:00:00,284.88380517969324,4.2892897075529355,2925.366173469355
2023-02-12 20:00:00,304.84320469639874,0.8877586132550443,1590.2942936036145
2023-02-12 21:00:00,294.1367860835103,1.7623555276851324,916.9104697750802
2023-02-12 22:00:00,304.5511183246631,1.4134270062740726,1138.1612697136056
2023-02-12 23:00:00,287.5480693061311,2.7158768276893803,1230.5313306766689
2023-02-13 00:00:00,289.2043846875506,0.8331167730211627,1101.7820020770655
2023-02-13 01:00:00,299.2213762285421,1.1913690974715776,758.1852543828685
2023-02-13 02:00:00,281.5994170863998,0.5179637886986364,534.4830861223847
2023-02-13 03:00:00,298.1092673089135,0.03518836664588858,1199.1829296830597
2023-02-13 04:00:00,283.779788143846,0.029821079754554548,890.6476590272777
2023-02-13 05:00:00,281.23221436153807,0.3336162344161159,1121.9287630491656
2023-02-13 06:00:00,280.3127551179135,0.9569519638306864,2409.091756307661
2023-02-13 07:00:00,285.9211494893174,0.2490872286379223,3259.1340113798556
2023-02-13 08:00:00,288.9268219547236,0.46199173379477404,4057.225817073324
2023-02-13 09:00:00,287.8957424314199,1.2804322233786487,3392.008532206653
2023-02-13 10:00:00,271.96625384028107,0.42497892017476463,2538.184477223528
2023-02-13 11:00:00,296.8111836098965,1.3443477085837707,1317.6564885195125
2023-02-13 12:00:00,291.6249226637885,1.5462651661351177,1393.7706785686394
2023-02-13 13:00:00,276.53864027305474,0.9237239051739803,1103.182921400953
2023-02-13 14:00:00,306.2090247083009,0.09669217290644144,1820.2062251790458
2023-02-13 15:00:00,305.6790508742765,2.470600586157803,2867.8566856585603
2023-02-13 16:00:00,279.01222832976777,2.743452775144634,4079.1167921646474
2023-02-13 17:00:00,289.2693099873498,0.5164841243287597,4435.031034785665
2023-02-13 18:00:00,295.6325413713141,1.2540883772700375,3694.4959530012948
2023-02-13 19:00:00,292.90869309043904,0.034757974669676193,2945.5932255124144
2023-02-13 20:00:00,279.39875507529274,0.1504127701101641,2130.490820799084
2023-02-13 21:00:00,296.28131112023596,0.9366912206063,1137.7106976301684
2023-02-13 22:00:00,278.7427708306974,2.8175649595292094,718.5104226662498
2023-02-13 23:00:00,281.95873100895955,0.8917811021682845,997.8692674355443
2023-02-14 00:00:00,297.58391831355294,0.5297212148241779,772.8470983795062
2023-02-14 01:00:00,290.11880253644006,0.04169289751928921,902.5310154071933
2023-02-14 02:00:00,272.27722979676315,0.16737507188270648,746.9980787389384
2023-02-14 03:00:00,302.51697163964053,0.09199293487552081,1154.5325218088842
2023-02-14 04:00:00,285.549056831529,2.286945202571145,830.8838847699742
2023-02-14 05:00:00,306.57701654278424,0.9492531967718022,876.0382145627193
2023-02-14 06:00:00,290.13847673026703,6.1292466137863535,1846.0699535093715
2023-02-14 07:00:00,298.8512654761391,0.214991068925515,3512.298667915106
2023-02-14 08:00:00,290.65155616880634,3.5226881064172915,4399.21969683815
2023-02-14 09:00:00,302.7289089118007,0.1939062721617588,3652.6272169488234
2023-02-14 10:00:00,285.03058038525353,0.8703615661808374,2306.2927633092477
2023-02-14 11:00:00,306.88948788784097,0.675326677111558,921.0320266208955
2023-02-14 12:00:00,301.73840065758145,0.01784138146104539,1122.9120564681916
2023-02-14 13:00:00,310.33673185408514,0.6178267642621736,910.0700613425927
2023-02-14 14:00:00,299.09281811286144,1.2279637399138044,1966.7817759433453
2023-02-14 15:00:00,292.38308139076725,0.0634638251088807,2862.468613143784
2023-02-14 16:00:00,290.53943973081334,1.5704462918184097,4028.843714303059
2023-02-14 17:00:00,297.3855744279673,0.48131912369875796,4232.170198361986
2023-02-14 18:00:00,290.12362057913987,0.15238697418425187,4420.156455142922
2023-02-14 19:00:00,288.9857272961417,0.35507840698389653,2825.892557013417
2023-02-14 20:00:00,299.1016912441177,2.974117197415314,1860.8666871470991
2023-02-14 21:00:00,293.2393980870907,0.2883059584202682,1587.507417217159
2023-02-14 22:00:00,274.5594589522338,0.020686528580908747,624.2481007995808
2023-02-14 23:00:00,307.25290664938524,4.522804305820703,537.9663424775752
2023-02-15 00:00:00,292.933350396967,0.3048137829452276,793.5240622031341
2023-02-15 01:00:00,287.86691117741964,0.2503905160423725,1073.6486314469792
2023-02-15 02:00:00,275.87242377785924,1.308537103649148,1158.3109014415077
2023-02-15 03:00:00,297.70852783900517,0.025622159002705445,824.2531791880386
2023-02-15 04:00:00,281.10197329460124,6.192497641539111,602.6167830746919
2023-02-15 05:00:00,292.3055173008996,0.6754312714362238,1449.9702769633575
2023-02-15 06:00:00,284.9667257202321,0.7678733043008048,2532.0167080576566
2023-02-15 07:00:00,302.00301657164977,0.8065915321471493,3377.4624818159327
2023-02-15 08:00:00,293.8541488170953,0.43633225852625956,4811.3719306731955
2023-02-15 09:00:00,287.7688045187936,1.8453442574331014,3585.169786777158
2023-02-15 10:00:00,299.9166494184057,0.129714154305834,1895.4422413069244
2023-02-15 11:00:00,277.4908609194639,2.318127332117769,798.1702594688811
2023-02-15 12:00:00,284.75229639318763,0.44059384473861735,978.7912734625959
2023-02-15 13:00:00,292.02999638224554,0.7750461697910329,1277.2030652541337
2023-02-15 14:00:00,306.9683431451821,0.29869865605319146,1819.3940426267616
2023-02-15 15:00:00,308.39678798624124,0.30106480766824395,3036.650627447527
2023-02-15 16:00:00,296.19566427043634,0.9156522132900905,3868.8748045539755
2023-02-15 17:00:00,304.405452821219,0.7780066159093699,4235.296404017598
2023-02-15 18:00:00,295.4257688673419,0.9981287608559795,3799.924122286656
2023-02-15 19:00:00,305.4447894668695,0.36292838945251266,2739.14216713802
2023-02-15 20:00:00,300.70914645111077,0.13618116569184197,1671.2189820404942
2023-02-15 21:00:00,288.1046925690007,1.0645010167950488,1023.3924543592279
2023-02-15 22:00:00,292.61082254484353,1.750376635343526,1287.3000771555282
2023-02-15 23:00:00,295.89824150315746,0.14046233920165635,492.385283497363
2023-02-16 00:00:00,284.126770691532,0.6960960465358778,642.6959953141779
2023-02-16 01:00:00,292.4800200279122,0.42902268784821884,782.6074261096653
2023-02-16 02:00:00,291.95939720307916,1.3924845188026254,1017.787902151254
2023-02-16 03:00:00,297.57042160888307,2.2368838005107405,868.8269296931951
2023-02-16 04:00:00,312.9889796736488,1.8278402235379838,562.7134827771267
2023-02-16 05:00:00,299.71174347608087,0.4581758175073994,1250.5586022759232
2023-02-16 06:00:00,299.9727390635954,2.0954901910716806,2016.1928397104891
2023-02-16 07:00:00,298.348604173177,0.015149713416945177,3810.475158110992
2023-02-16 08:00:00,287.00647549811305,1.06900188767212,4374.793698583004
2023-02-16 09:00:00,267.24115093625596,0.21799783760306835,3191.8703116314964
2023-02-16 10:00:00,283.3817853036925,0.8080781509104062,2289.5898313777466
2023-02-16 11:00:00,298.53464281026265,0.8739139201847115,1304.4420084818892
2023-02-16 12:00:00,299.27094399785307,1.5104615328866804,1448.762997435024
2023-02-16 13:00:00,293.06404828628547,0.6389727001720913,1373.0888848985392
2023-02-16 14:00:00,305.47865027429407,1.5728413788622624,1521.1532582743587
2023-02-16 15:00:00,265.63750888045854,1.415291559760972,2555.9960857867327
2023-02-16 16:00:00,299.66888857979484,1.6874202922102925,3949.8277237446096
2023-02-16 17:00:00,289.37969112175784,0.9946528724450616,4505.088039193166
2023-02-16 18:00:00,270.9817718989718,2.4132004328930123,3439.731595168687
2023-02-16 19:00:00,272.48893614389584,0.08904077595429195,3060.6646559449605
2023-02-16 20:00:00,268.32353950430746,3.1508486647771408,1465.1865578554498
2023-02-16 21:00:00,269.48380693928937,2.834874291284405,1191.36192634455
2023-02-16 22:00:00,275.0345312979037,0.2212626271270505,717.9303847436485
2023-02-16 23:00:00,290.36341942831433,0.6407167848095632,1130.1130689677368
2023-02-17 00:00:00,287.456099635925,0.08533516644977869,1448.415318873476
2023-02-17 01:00:00,269.2627551767591,0.1796272051737818,709.9082578515888
2023-02-17 02:00:00,287.084191796486,0.5994789330677803,910.9107819999093
2023-02-17 03:00:00,287.51173102488355,0.1993957268625716,873.1653563917819
2023-02-17 04:00:00,283.1919906559468,0.14389195638071992,851.6836830621983
2023-02-17 05:00:00,286.62504242417356,2.56114271576461,1224.3065709257094
2023-02-17 06:00:00,285.58482594368337,0.26501649042410524,2337.3580227361563
2023-02-17 07:00:00,298.30302891302915,0.1775244429770495,3796.732320328913
2023-02-17 08:00:00,293.4796788154896,0.021263389012689034,4827.192708631182
2023-02-17 09:00:00,281.2182351591846,0.9628035445429209,3674.6748065242236
2023-02-17 10:00:00,283.4741470381594,1.2797029827807618,2524.8191391421906
2023-02-17 11:00:00,303.1359048127774,0.18030256204052886,930.4488563158654
2023-02-17 12:00:00,289.7459946125066,0.027163182407610433,1668.844562693192
2023-02-17 13:00:00,293.6297342480495,0.6927912658024181,1360.9199486541534
2023-02-17 14:00:00,277.7114370310919,0.40641447040740464,1780.9448667400336
2023-02-17 15:00:00,292.1327105664121,0.8509636097189753,3019.6085146754003
2023-02-17 16:00:00,313.09761855514853,0.08778797269508253,3686.5605245008014
2023-02-17 17:00:00,280.84488510813696,0.8375492181830646,4286.109649812579
2023-02-17 18:00:00,298.1595563480038,1.3231869004542363,4126.58174547324
2023-02-17 19:00:00,293.8833887434212,0.8191366107219646,3491.0837198351373
2023-02-17 20:00:00,289.55944650045933,0.04028801942897678,2250.490703450185
2023-02-17 21:00:00,271.73169236415964,0.08952525194845701,1478.779501178516
2023-02-17 22:00:00,289.8597062289834,1.2061159123035643,673.8169272329669
2023-02-17 23:00:00,283.8967679172519,0.9943329020473021,1253.813755701272
2023-02-18 00:00:00,279.97636230564785,1.714599640823271,604.854698290864
2023-02-18 01:00:00,282.1483332281425,0.9203091987587786,651.1853212372422
2023-02-18 02:00:00,293.8338531760488,0.20704335888655193,691.8142255723676
2023-02-18 03:00:00,286.504695981445,1.1053017613649734,1294.5280996038896
2023-02-18 04:00:00,291.6282225278991,0.8118118684406643,430.06284312935907
2023-02-18 05:00:00,286.4538944215644,0.11424135175758696,1521.5396328848633
2023-02-18 06:00:00,273.14315430221353,0.8246683047529779,2334.4367124662085
2023-02-18 07:00:00,280.98066570273784,0.6972676830952285,3956.5528568858113
2023-02-18 08:00:00,277.58742832207685,0.19707034429805698,4320.1289077617075
2023-02-18 09:00:00,295.0104631749032,0.16954873019648312,3752.150739781224
2023-02-18 10:00:00,291.24804454289654,0.24514931329346376,2261.309667243408
2023-02-18 11:00:00,296.2938890050178,0.9173480604227309,1283.1641376307666
2023-02-18 12:00:00,273.2749711671313,1.6704436611749882,939.4155746797234
2023-02-18 13:00:00,289.5432510556869,0.30074199689690834,1566.3362999595709
2023-02-18 14:00:00,294.93360253710773,1.5559306024935435,1692.3182368856383
2023-02-18 15:00:00,306.5260249777473,0.09643368142053123,2579.264452419686
2023-02-18 16:00:00,293.03835537623553,0.31004732686931685,4085.351054334403
2023-02-18 17:00:00,291.76887056482485,1.4866160583604848,4074.4462570356736
2023-02-18 18:00:00,309.1154742992319,0.23135264526572819,3946.2825310448693
2023-02-18 19:00:00,302.15881666856,0.129864493078338,2630.387314770344
2023-02-18 20:00:00,283.1570823062504,0.8640902079664726,2088.6751440954017
2023-02-18 21:00:00,299.35571196894625,0.9592754215646503,1116.7278377480159
2023-02-18 22:00:00,287.0781871213795,1.129783076819073,945.4152036253726
2023-02-18 23:00:00,283.8190926753049,0.1476935076202353,1148.416662074451
2023-02-19 00:00:00,287.297755672312,0.10504116463979372,914.5126075339138
2023-02-19 01:00:00,280.97895918002035,0.34190378918159536,655.3996540040439
2023-02-19 02:00:00,278.2672967841911,1.3803359543812639,464.3955843793527
2023-02-19 03:00:00,288.8072345360318,2.0177573938250557,824.7632962960846
2023-02-19 04:00:00,288.7344228633556,0.3233903518427247,869.9380183069534
2023-02-19 05:00:00,301.55209335749225,0.7092670074928658,1068.278125431372
2023-02-19 06:00:00,281.1825831452919,0.37515781172887497,2608.0254951694965
2023-02-19 07:00:00,287.52731698003987,0.5774762245561446,3849.9207179426962
2023-02-19 08:00:00,305.3995381217383,0.41083597625160656,4330.589985141634
2023-02-19 09:00:00,284.1270403348439,0.7366352631803552,3749.287557126027
2023-02-19 10:00:00,274.89020764206975,0.2106503071914864,2034.9407793589596
2023-02-19 11:00:00,281.1566667843324,1.7864400249120858,1572.246933723488
2023-02-19 12:00:00,281.124369939386,0.15362264807811646,1250.0949552507593
2023-02-19 13:00:00,288.64520749651365,0.38297651887153966,1384.7377393018573
2023-02-19 14:00:00,289.50780382176544,0.5459681775779709,2208.506448020305
2023-02-19 15:00:00,309.6369986566288,0.3754068526801012,2619.6085703453514
2023-02-19 16:00:00,293.23492122620047,0.5147488030411173,3500.337938358054
2023-02-19 17:00:00,303.4231410498052,0.07628830021234201,4230.132037110518
2023-02-19 18:00:00,282.15157559689425,0.27055657982972464,4143.687721204626
2023-02-19 19:00:00,273.9492290888596,0.46275489027457406,2801.519107986618
2023-02-19 20:00:00,282.47649596705133,1.9915414291214297,1790.5817586059559
2023-02-19 21:00:00,296.032759727082,0.5309668054783026,1586.1282724138623
2023-02-19 22:00:00,306.02229121575454,1.260159649312966,885.9415750803255
2023-02-19 23:00:00,296.63146420182045,1.1387338159330938,935.7419798418204
2023-02-20 00:00:00,276.0349707923518,1.0393943047087886,642.4860923798248
2023-02-20 01:00:00,312.64065223397824,0.2605944100467324,906.8607623482919
2023-02-20 02:00:00,276.79751497925344,0.4533327579377068,901.014594573798
2023-02-20 03:00:00,275.2987122147057,0.21756034953733544,755.3279454192783
2023-02-20 04:00:00,285.5692271660005,0.32916316922931205,1391.896125245938
2023-02-20 05:00:00,299.05683393552164,0.11615934899690349,1308.563324097933
2023-02-20 06:00:00,301.50414403590776,0.2689082307262936,2075.144974292885
2023-02-20 07:00:00,280.3153058898805,0.17298748303950753,3681.3242127826925
2023-02-20 08:00:00,304.46451263077074,1.1473715235989057,4388.013095101157
2023-02-20 09:00:00,311.02866014470817,0.16286559662176442,3780.5754132294323
2023-02-20 10:00:00,285.0986093098056,1.6792214994523802,2527.6117443884878
2023-02-20 11:00:00,307.6109315435737,0.9892311211400068,1350.3261442779908
2023-02-20 12:00:00,294.89398668950935,0.8807732030371286,1081.362983266886
2023-02-20 13:00:00,279.6772807466927,1.945255577509734,1313.1579767999883
2023-02-20 14:00:00,285.53689853432877,0.9773217065371407,1939.6446332153323
2023-02-20 15:00:00,284.4862026744804,2.683968967747131,2834.7070609726893
2023-02-20 16:00:00,283.41757529665773,0.5483328108866745,3586.556781145674
2023-02-20 17:00:00,290.4156107481562,0.306129043902584,4733.60906935708
2023-02-20 18:00:00,283.43335822265476,0.26386778215078666,3878.5313295887936
2023-02-20 19:00:00,278.73431182782167,0.08586054919471328,3277.902699720531
2023-02-20 20:00:00,306.3359109366588,0.12810250888509844,1920.8843303737895
2023-02-20 21:00:00,281.27225262521915,0.5945408403680831,1318.3232290726758
2023-02-20 22:00:00,296.73435378821534,0.5295998119833779,723.1716096814489
2023-02-20 23:00:00,294.7823154587347,0.6345984249890002,795.1350826881754
2023-02-21 00:00:00,290.4699614510288,0.08392499167369467,1124.2098800989372
2023-02-21 01:00:00,295.35324184818285,0.5350562456511686,969.7389355499197
2023-02-21 02:00:00,278.9595174440554,0.5498523910709486,570.886940054276
2023-02-21 03:00:00,288.12506755153515,0.5903253425902176,799.8471073970397
2023-02-21 04:00:00,290.65107997559585,0.4915299209217717,1467.704191482258
2023-02-21 05:00:00,282.6297113064107,0.28108228922286477,1222.6308984182842
2023-02-21 06:00:00,296.4783938505946,1.0969752105599724,1868.420114009731
2023-02-21 07:00:00,295.92909900669076,0.43020009315979174,3444.872840945551
2023-02-21 08:00:00,302.8193733301053,1.6168977959904214,3978.242733839198
2023-02-21 09:00:00,284.8008855712374,0.9802832122561355,4133.604553664863
2023-02-21 10:00:00,294.1594229785298,0.7065439156550873,2151.418298737886
2023-02-21 11:00:00,287.24971780407253,0.36444084463474935,1550.7206584618705
2023-02-21 12:00:00,287.2658127838868,1.7913048542165448,732.9933817330882
2023-02-21 13:00:00,282.8839194471851,2.4096341757709676,1265.7599527993398
2023-02-21 14:00:00,276.2890386483892,0.3951503136375885,1824.1402795766885
2023-02-21 15:00:00,306.49628871246875,1.6745925019938144,2958.7231864095447
2023-02-21 16:00:00,288.5832134181077,1.5028408411435974,3996.925664152823
2023-02-21 17:00:00,295.2024241515,0.621614154186363,4361.335998453094
2023-02-21 18:00:00,285.1852738035928,0.5574610611659767,4134.618798099219
2023-02-21 19:00:00,307.10405382514614,1.006861495753067,3267.211446182963
2023-02-21 20:00:00,312.33588943595606,0.7449745477913021,1939.102641994608
2023-02-21 21:00:00,283.39579332817954,0.45685088900472404,1100.1767825210786
2023-02-21 22:00:00,281.889080638996,0.5059632769824904,986.6014824351072
2023-02-21 23:00:00,272.74728902444446,1.6539794766370572,659.741503328683
2023-02-22 00:00:00,305.7226651016671,0.5355056693037041,769.545491605584
2023-02-22 01:00:00,281.8046311352748,0.8623502758414548,784.4121152913381
2023-02-22 02:00:00,292.8476622376017,1.7102565137171075,504.34893041170943
2023-02-22 03:00:00,278.10034942524226,0.19060879124069197,841.0283435555423
2023-02-22 04:00:00,289.6289157518736,3.1049456152136785,771.2186096938256
2023-02-22 05:00:00,295.0330311724125,0.8653606972639412,1707.624026395974
2023-02-22 06:00:00,279.8658388590771,0.41853122413387894,2733.7499429714603
2023-02-22 07:00:00,290.77811942308017,2.225864670112617,3787.270079291516
2023-02-22 08:00:00,298.44913091480794,0.3478307308499084,4150.064930644785
2023-02-22 09:00:00,291.41644077136294,0.37279118120872673,3699.5196729996605
2023-02-22 10:00:00,288.18912342727015,0.953457320011523,2005.6703403303
2023-02-22 11:00:00,296.9527435250179,0.2793970695387639,1495.5309187339915
2023-02-22 12:00:00,289.77948631543256,0.6085118358179195,1390.8049172560918
2023-02-22 13:00:00,301.19518685800085,0.7271271982794748,1434.2002380052247
2023-02-22 14:00:00,298.3726266099308,0.37253214511507515,1884.1433983266802
2023-02-22 15:00:00,301.4472979242791,0.32428815303105407,2736.5180381879363
2023-02-22 16:00:00,284.6000796975157,1.048109888119314,3871.1760786842965
2023-02-22 17:00:00,289.92896576288985,0.18847792206656322,4706.992398869687
2023-02-22 18:00:00,289.4444550080462,2.0268231248174056,4218.727350652669
2023-02-22 19:00:00,304.40207159585003,1.0697817549151083,2646.36901608044
2023-02-22 20:00:00,285.59870489554027,1.1845920505318497,2041.7098990586487
2023-02-22 21:00:00,283.88767885824956,0.09749529776868897,1561.3081774160405
2023-02-22 22:00:00,285.98913873138247,0.8277493774542916,1223.2607333219953
2023-02-22 23:00:00,304.08799099701986,5.351353370611074,701.2168335855125
2023-02-23 00:00:00,303.07602871134054,0.6659065348634962,1173.6538650628602
2023-02-23 01:00:00,308.3533504791582,1.1577467827886374,100.0
2023-02-23 02:00:00,302.55866647940513,0.7540193374256807,749.7693934390238
2023-02-23 03:00:00,300.80433190852006,5.805656954794302,380.7335648130769
2023-02-23 04:00:00,279.3191264842769,0.26502817104297427,836.4103869703798
2023-02-23 05:00:00,302.53527818439164,1.916009589963256,870.4001817373874
2023-02-23 06:00:00,292.56991206481,1.942601364314958,2404.636808967112
2023-02-23 07:00:00,292.49683382726596,2.286616204380629,3979.3631860961355
2023-02-23 08:00:00,282.85692260523217,0.0387407850968912,4048.2314582882573
2023-02-23 09:00:00,282.8840637583567,0.22605508981887548,3577.860068307159
2023-02-23 10:00:00,281.91311954684807,0.1731910770526563,2214.89196853883
2023-02-23 11:00:00,298.4659938546709,3.924190768030982,711.7039591459522
2023-02-23 12:00:00,281.67099436002377,0.1261872999315853,956.2769911992581
2023-02-23 13:00:00,308.21494548919475,1.68022409100207,900.9159148880743
2023-02-23 14:00:00,286.1698718262686,0.8473648165285564,1767.149992620451
2023-02-23 15:00:00,292.020779519194,0.6756831584814619,3028.8883430481073
2023-02-23 16:00:00,265.9999553569948,1.9363396415914205,3802.200238884366
2023-02-23 17:00:00,307.77486187942816,0.32145261480862397,4282.796933782573
2023-02-23 18:00:00,261.3038403136023,0.31352987932779125,3381.712892768299
2023-02-23 19:00:00,303.9365794441811,0.1916405279693925,2614.477303942357
2023-02-23 20:00:00,287.53339616214174,0.811556470901752,2369.806097298078
2023-02-23 21:00:00,285.95228217375205,0.24205618545136257,1311.79475171095
2023-02-23 22:00:00,281.49785195235285,1.0134362742809166,1094.5069257984355
2023-02-23 23:00:00,285.9252732512091,0.3601545504154138,1426.6539168677195
2023-02-24 00:00:00,292.3878910819092,2.535862843896124,725.1683727786495
2023-02-24 01:00:00,297.8496514948425,0.10140739043629404,582.2213697631182
2023-02-24 02:00:00,293.79356380307416,0.7618053002389547,724.8205103806733
2023-02-24 03:00:00,289.3981529625118,2.625190687114856,936.3631312889381
2023-02-24 04:00:00,290.09890365289954,1.2294754831006827,1179.2352586967104
2023-02-24 05:00:00,286.11692816099077,0.9480064247464889,1492.0740261768804
2023-02-24 06:00:00,287.5516588781088,1.9234785548211504,2497.613683801259
2023-02-24 07:00:00,297.45664927780206,2.051527797076697,3640.6565739004595
2023-02-24 08:00:00,283.50293493658677,0.35975098241599307,4360.753096685491
2023-02-24 09:00:00,281.7516862337124,0.010767191637822658,3725.5397472267537
2023-02-24 10:00:00,293.07012442115774,0.6993722613038721,2618.881767628858
2023-02-24 11:00:00,299.6642692915291,0.285302001106459,1021.9129741258598
2023-02-24 12:00:00,288.8856879516037,0.032067022557851696,1361.1691243431046
2023-02-24 13:00:00,291.22118418239296,2.7184557976033954,962.1466062381173
2023-02-24 14:00:00,291.10245860293384,0.7788649801562658,2218.253382356803
2023-02-24 15:00:00,283.932383459444,0.558685155528193,2931.003640207607
2023-02-24 16:00:00,282.3981538105059,4.542322351722586,3510.239010716694
2023-02-24 17:00:00,284.17378523977146,3.031031632513517,3598.243569819547
2023-02-24 18:00:00,292.1386825319994,1.824240967764363,3491.021761591245
2023-02-24 19:00:00,279.24870199525054,3.5619417123919974,2791.4592417620465
2023-02-24 20:00:00,295.1791527645236,0.17504137826448957,2305.244270914472
2023-02-24 21:00:00,286.1726396574992,0.3207478797741514,977.8783201396701
2023-02-24 22:00:00,265.94963883221766,1.4563523773904876,455.60337751292053
2023-02-24 23:00:00,278.6340971036633,2.2335342720235647,683.5429588022697
2023-02-25 00:00:00,276.4601438774252,1.3225316101790532,200.50236590228462
2023-02-25 01:00:00,280.5359409474536,0.8547947489542004,526.8942950230733
2023-02-25 02:00:00,272.8745766437073,2.1440794041538376,751.1208878631052
2023-02-25 03:00:00,282.56556964426943,1.7209421779777099,961.2361100061728
2023-02-25 04:00:00,279.73274050513993,0.485962305077272,871.5859303381991
2023-02-25 05:00:00,286.6000328611623,0.41241395630667393,1187.9970079807135
2023-02-25 06:00:00,292.2134929851139,1.3272884577991693,2633.6223350017654
2023-02-25 07:00:00,280.84727838007365,1.6409864872992388,3260.3554889201773
2023-02-25 08:00:00,321.3452435003902,0.1356488880134502,3938.475221954436
2023-02-25 09:00:00,289.17308175500875,0.9929375822902614,3617.5336654423154
2023-02-25 10:00:00,283.9418282066838,1.5596223274057992,2350.799840765324
2023-02-25 11:00:00,296.80707494553616,0.04344770049141266,1300.713138868115
2023-02-25 12:00:00,279.2295762548203,1.3271462903048203,1016.182846202119
2023-02-25 13:00:00,295.58052503039727,0.5821194648911913,950.449885753444
2023-02-25 14:00:00,261.3947842260974,1.212164896263972,1595.500084648531
2023-02-25 15:00:00,295.02350368951056,0.7051181909428215,2818.3147835327454
2023-02-25 16:00:00,292.44461002614395,0.10544254894012382,4337.766160277004
2023-02-25 17:00:00,284.90726931608094,0.7529286556223079,4336.0735721653955
2023-02-25 18:00:00,297.54962632619606,0.8634011996217441,3404.056851999726
2023-02-25 19:00:00,277.36234225755834,0.1804674421721225,2928.4012773840627
2023-02-25 20:00:00,287.3288043377153,0.08824462457648981,1811.1291811656288
2023-02-25 21:00:00,277.97580303198805,2.708410515940046,1483.7600091243771
2023-02-25 22:00:00,277.9738803428169,0.13750146282077474,895.0645927151696
2023-02-25 23:00:00,303.6130497151269,0.032183769886727845,1172.3700005031333
2023-02-26 00:00:00,283.3394161311515,0.9154196287722841,1289.0853573426775
2023-02-26 01:00:00,287.4451429590616,2.453960145892474,632.0684926516395
2023-02-26 02:00:00,282.30082982328713,1.525050481488289,563.3172322838575
2023-02-26 03:00:00,305.83465972207506,0.061300550856168076,486.54224192813626
2023-02-26 04:00:00,300.03053003733464,0.7409215715382819,1435.37920125843
2023-02-26 05:00:00,278.1523615336384,1.2999397869430664,1342.0505287759147
2023-02-26 06:00:00,280.20133641739267,1.335270462263873,2389.282337905864
2023-02-26 07:00:00,299.91786556656814,1.4265338184537757,3595.6300502309846
2023-02-26 08:00:00,286.49764473423915,0.6106792058551351,4442.401542802136
2023-02-26 09:00:00,291.18641713760655,0.22614239258012722,3895.7312020699096
2023-02-26 10:00:00,292.04788317620057,4.256874013340635,2376.276181208732
2023-02-26 11:00:00,316.3630978403156,0.39476196209814357,786.7589060087489
2023-02-26 12:00:00,284.25675703293444,0.25086336135980686,932.1773319453026
2023-02-26 13:00:00,286.6907068678207,0.8850348252719098,1004.8499669068674
2023-02-26 14:00:00,280.45648705983575,1.4014883770465483,1754.9581378584799
2023-02-26 15:00:00,290.75635020723513,0.7585024015480203,3045.0045231540644
2023-02-26 16:00:00,288.54703525243775,0.368045301017383,4295.219343157693
2023-02-26 17:00:00,286.39135434057806,0.25987653341655564,4811.337057698752
2023-02-26 18:00:00,291.8314556816566,2.218932266898071,4090.364850964082
2023-02-26 19:00:00,291.0849447905243,2.149383272987967,2577.9175893322194
2023-02-26 20:00:00,292.3138425492718,0.005706495517414171,1560.8904467454474
2023-02-26 21:00:00,299.7875215033685,0.4586783606226948,1499.8782072450258
2023-02-26 22:00:00,294.2574619576429,0.873317082534112,1164.5878846128392
2023-02-26 23:00:00,272.85176609569487,5.412601856308385,397.51198248765337
2023-02-27 00:00:00,310.70560541805463,4.770561872253287,385.80683986420183
2023-02-27 01:00:00,296.25680808667505,0.5479121577894899,995.7457968103702
2023-02-27 02:00:00,297.2777977878184,1.2068042913757304,1069.9517177371765
2023-02-27 03:00:00,281.40770590918135,1.3565717747049424,576.218848395456
2023-02-27 04:00:00,288.19529794405986,0.23731804243219312,1039.3865314494
2023-02-27 05:00:00,273.4285107583785,0.12705359831690288,752.7370570218905
2023-02-27 06:00:00,296.81679765345467,2.0906010968710373,2283.581079958008
2023-02-27 07:00:00,284.1685734414198,0.43078015675282966,3672.0665560130738
2023-02-27 08:00:00,279.325359708961,0.30628122249008877,4109.035784106944
2023-02-27 09:00:00,285.3597739893967,2.0069906361594594,3888.4186529570666
2023-02-27 10:00:00,295.2134452424718,1.6066720821592209,2336.3540353276203
2023-02-27 11:00:00,285.4507975003818,1.7496465267307781,1262.715082175143
2023-02-27 12:00:00,294.4391145549145,0.14069291356705582,1343.273975257616
2023-02-27 13:00:00,315.5384531307909,0.8801991142193712,1180.8776814168573
2023-02-27 14:00:00,283.4128551307841,0.04301413069389538,1870.9757743130772
2023-02-27 15:00:00,288.7505114986452,1.820457342011484,3176.5570012077865
2023-02-27 16:00:00,266.264663570123,1.0461293745719396,3954.171690805747
2023-02-27 17:00:00,293.04116968567047,0.0199604172336387,4376.918161533201
2023-02-27 18:00:00,279.30041957994877,1.591424345986438,3971.5368453487554
2023-02-27 19:00:00,284.42545805359225,0.07711166012757582,2597.8885207743197
2023-02-27 20:00:00,275.91591044144775,0.4422109935342975,1754.544323653596
2023-02-27 21:00:00,289.9341582448189,0.2585111371367335,1428.8525893609426
2023-02-27 22:00:00,280.45508893238565,0.8176062016178778,971.7886074015079
2023-02-27 23:00:00,293.4341480233623,1.4254365831588578,970.7690138595897
2023-02-28 00:00:00,299.22260936014175,2.200301554120296,515.3702832915556
2023-02-28 01:00:00,294.34736121711694,0.39341975518590644,939.573926696083
2023-02-28 02:00:00,299.332555695744,1.127199434021179,1033.8505946054815
2023-02-28 03:00:00,302.317430127111,0.42690971658635535,631.3568373749648
2023-02-28 04:00:00,275.9254995160448,0.18742641121841966,942.4792739830406
2023-02-28 05:00:00,299.8888086678711,1.3709244738014874,1080.8875759703747
2023-02-28 06:00:00,281.6005592170291,0.8402653492287245,2103.7977565512456
2023-02-28 07:00:00,288.14850436692785,1.6036937712453208,3695.3111792601667
2023-02-28 08:00:00,264.9355443119654,1.1475614736792985,4161.082585964193
2023-02-28 09:00:00,298.0441193112748,1.7139119728551826,4052.9176118266546
2023-02-28 10:00:00,293.9859194551383,0.374901433924267,1952.7171874977078
2023-02-28 11:00:00,294.9922142830784,0.12784442165322293,1259.0109627583463
2023-02-28 12:00:00,292.07189219127855,0.3764008401339056,1644.8953249077758
2023-02-28 13:00:00,282.7016759666779,0.26606488608768036,1715.6541616121815
2023-02-28 14:00:00,281.59758440314374,0.712901646915881,1625.724118447958
2023-02-28 15:00:00,288.7493651597025,0.3515722430349243,2780.6834606799775
2023-02-28 16:00:00,294.90954852535316,0.0458953099706327,4281.1765606757635
2023-02-28 17:00:00,307.56695057570084,0.41034124234865293,4054.915630793352
2023-02-28 18:00:00,285.66011228154065,0.04023383922896162,3934.699976850985
2023-02-28 19:00:00,287.52127848026936,0.7074031146479018,3261.213939048396
2023-02-28 20:00:00,300.18564220126217,0.2678579714818752,1599.0909474691225
2023-02-28 21:00:00,283.17620533259185,0.627265077788174,1286.337434576302
2023-02-28 22:00:00,297.528349158948,0.49901477701072,673.9800938167639
2023-02-28 23:00:00,284.53662670650385,1.9699272752101253,957.4694782079389
2023-03-01 00:00:00,294.96716301216185,0.8392941580065049,639.9370921774178
2023-03-01 01:00:00,296.13588568863287,0.78855953812806,918.2752829116865
2023-03-01 02:00:00,295.73487765276747,1.452542175397845,675.6315560518944
2023-03-01 03:00:00,286.3676073662501,0.35042842758001397,675.5527924749986
2023-03-01 04:00:00,282.3239445475881,3.0601262698432916,1035.7135168542245
2023-03-01 05:00:00,284.5035511952424,0.112236399731446,1692.4820446217632
2023-03-01 06:00:00,300.0601821837321,0.23290893644816224,2417.999973214072
2023-03-01 07:00:00,282.1084393957496,1.7819857252592028,3751.1962728809135
2023-03-01 08:00:00,295.8172030855144,0.09007188069830147,4535.541491666003
2023-03-01 09:00:00,274.22019356288286,1.1807653113130232,3148.3968182563453
2023-03-01 10:00:00,295.84152473844574,0.04891584690437021,2470.6246286195396
2023-03-01 11:00:00,295.62048861772877,2.4459039072281765,1427.396232102335
2023-03-01 12:00:00,298.5058401630892,0.22968315824059254,1176.199973978301
2023-03-01 13:00:00,299.34444303277036,1.231297220426897,1193.8877726476235
2023-03-01 14:00:00,282.03907801174677,1.657210195140913,1957.4641886945626
2023-03-01 15:00:00,288.94082673143083,0.026063560379999597,2760.327994459277
2023-03-01 16:00:00,281.5040829003847,1.068992015198987,4038.1702208429037
2023-03-01 17:00:00,303.94445437566424,0.04095222858777924,4444.868326041208
2023-03-01 18:00:00,294.20742175175695,0.2109231903457231,3967.658523183539
2023-03-01 19:00:00,289.3942338072212,3.483282181750127,2498.434630215087
2023-03-01 20:00:00,282.8384149573078,0.02370268700452097,1984.7410459130485
2023-03-01 21:00:00,269.24748674515564,0.0005881737943612831,1120.3417977592705
2023-03-01 22:00:00,287.93539632905464,0.9830115510460367,1156.5715390717817
2023-03-01 23:00:00,285.4627568509278,0.0029376087738543144,1062.6907349879937
2023-03-02 00:00:00,294.38340631554064,0.47797353061093,628.7522897328134
2023-03-02 01:00:00,306.07808997499967,0.9876907789387843,1083.761368140343
2023-03-02 02:00:00,292.5907344401878,0.8595878248173663,526.6335120017275
2023-03-02 03:00:00,284.92202757856535,1.050665121312002,995.9695695039863
2023-03-02 04:00:00,286.6276945121616,0.42881029281451066,1173.9777694608244
2023-03-02 05:00:00,287.3281634370452,0.17447130211816528,1344.3209889016382
2023-03-02 06:00:00,287.4349982499341,0.3429788304528558,2408.395559138107
2023-03-02 07:00:00,285.8149606400631,2.593511740142365,3194.3553332140477
2023-03-02 08:00:00,295.4028480032458,0.4737758318628714,4758.726654505857
2023-03-02 09:00:00,295.9576141626974,1.048386372958107,3320.687903594934
2023-03-02 10:00:00,286.82591980076006,0.5982760293943623,2666.9354415045177
2023-03-02 11:00:00,291.2036022627641,1.544847003213355,1604.664406412457
2023-03-02 12:00:00,273.99983911687355,2.2768154374623775,1053.2559417038149
2023-03-02 13:00:00,297.6026278915432,0.03462450260417776,1188.9156208179263
2023-03-02 14:00:00,288.6514099146071,1.2439325082544306,2346.9471510959684
2023-03-02 15:00:00,291.61011450608964,1.0017790648186404,3184.055509677061
2023-03-02 16:00:00,286.7453056442442,0.05812853106132416,4116.568250470674
2023-03-02 17:00:00,281.1675661343568,0.632385449677191,3959.0473880457516
2023-03-02 18:00:00,283.9721239263834,0.28502371217245603,4246.517613914026
2023-03-02 19:00:00,289.8349506567386,0.6956020292062642,3121.097399390861
2023-03-02 20:00:00,285.4047459593971,0.5752992215615704,2076.6430519313317
2023-03-02 21:00:00,275.426697040662,1.4089106865243655,950.9202328254992
2023-03-02 22:00:00,275.5511692709888,2.2564781308612787,776.2663889818729
2023-03-02 23:00:00,275.74715591994203,1.9943947763015621,188.39900535234017
2023-03-03 00:00:00,275.22786861062593,0.08054260434329884,988.7913470796932
2023-03-03 01:00:00,280.4769554494112,2.225636045733837,274.7934493761091
2023-03-03 02:00:00,298.9234279551245,1.736131761694032,910.0674163510087
2023-03-03 03:00:00,294.4719910461863,0.2303435512550403,876.9706618672232
2023-03-03 04:00:00,304.9901144978657,1.3592086614996415,884.4302774649835
2023-03-03 05:00:00,303.1267853442164,0.6453208011533713,1444.4449928071735
2023-03-03 06:00:00,297.41050632412646,1.4978951602796184,2123.979895027299
2023-03-03 07:00:00,281.12383098772517,0.3778682470550613,3774.4358964887997
2023-03-03 08:00:00,290.0992914512108,1.6083334725572522,4283.135438704839
2023-03-03 09:00:00,291.8606815924096,0.6680702560825794,4077.5636661223207
2023-03-03 10:00:00,292.0483202427227,2.866550084451821,2511.972756710954
2023-03-03 11:00:00,279.67567359378955,0.047982040038654174,1593.9076392778197
2023-03-03 12:00:00,297.35827231788807,0.36875760653355644,603.7286906859254
2023-03-03 13:00:00,295.90135832995117,2.309290088647794,1251.4314301920595
2023-03-03 14:00:00,278.60886473013943,0.5893521994246881,2551.765585026472
2023-03-03 15:00:00,285.8439832828539,0.5268408556799891,2758.0447760012994
2023-03-03 16:00:00,283.2248426488839,1.0518355028502886,3806.1780846561987
2023-03-03 17:00:00,282.62085329267023,1.8074434037004072,4764.794247701011
2023-03-03 18:00:00,288.66029937357297,1.045216820677357,3744.6384289370462
2023-03-03 19:00:00,280.03052691022765,0.04317127501429277,3153.326603968599
2023-03-03 20:00:00,309.3939110820495,0.7651501189059724,1723.8008745304567
2023-03-03 21:00:00,279.85153367590624,0.09698897527367618,703.6772193120843
2023-03-03 22:00:00,297.31092164616774,0.09792821419072548,1021.8493825392657
2023-03-03 23:00:00,273.6156954825915,2.0199425904260515,581.4878749685121
2023-03-04 00:00:00,286.97500371637216,0.3722476007394731,1077.0916819532144
2023-03-04 01:00:00,279.3725640183461,0.46160419145565673,754.7468925211591
2023-03-04 02:00:00,274.32089980344415,0.10094434688719203,846.0475210496766
2023-03-04 03:00:00,294.92039198711177,1.07028578131126,1078.6542626533878
2023-03-04 04:00:00,285.0337865565343,0.2140369281693635,950.0616745999044
2023-03-04 05:00:00,287.937195772494,1.145613668775014,1501.0437291257315
2023-03-04 06:00:00,290.1915409288659,0.5013031548024258,2377.3868245330095
2023-03-04 07:00:00,289.65017189334145,0.37356321163405243,3815.6086500440792
2023-03-04 08:00:00,300.2910767420494,1.7565742494999403,4051.7379530294643
2023-03-04 09:00:00,280.1177528623085,0.138050924148485,3572.764845769708
2023-03-04 10:00:00,282.46363622176875,2.388384347964516,2238.721532668534
2023-03-04 11:00:00,306.41645049517837,0.19800967826162813,1159.4657114984616
2023-03-04 12:00:00,286.2619941413897,0.7669349420207701,814.5938893177838
2023-03-04 13:00:00,295.5242189699124,3.65977508906384,1339.541117042529
2023-03-04 14:00:00,287.2880761994498,0.44452322480826856,2589.7898397390823
2023-03-04 15:00:00,291.53578663202927,2.386812885049443,3268.1602195337878
2023-03-04 16:00:00,287.0707018606288,0.37789253905043935,4165.508888854214
2023-03-04 17:00:00,289.9974990094306,1.537982015192453,4502.956631867754
2023-03-04 18:00:00,278.656988339664,0.9891938342919986,3992.6568291686217
2023-03-04 19:00:00,289.99639494833326,0.08964339502117977,2692.2769342249408
2023-03-04 20:00:00,290.972636046022,0.3460637466008671,2234.8347949012696
2023-03-04 21:00:00,309.69671542608637,0.4048091281997966,1915.7177552135117
2023-03-04 22:00:00,300.03085751622825,2.8972924592425326,954.1045716937062
2023-03-04 23:00:00,274.4739088555108,0.242919928399654,923.7268525155002
2023-03-05 00:00:00,291.7540555656705,1.934328799007282,1192.0200603464389
2023-03-05 01:00:00,291.692713332106,0.12058823415575907,636.3542501760033
2023-03-05 02:00:00,293.7260583083251,0.48268376330565815,1149.222792507613
2023-03-05 03:00:00,297.7044727452029,2.0940390164310267,1178.8406106354919
2023-03-05 04:00:00,295.9916869175027,0.4373851454474562,990.2225968200086
2023-03-05 05:00:00,294.01849491810384,0.2736496039306445,1482.1958896221408
2023-03-05 06:00:00,303.892445436301,1.6128063527435634,2084.99588320182
2023-03-05 07:00:00,299.20963807138185,0.16492119035663028,3534.9246683902916
2023-03-05 08:00:00,287.2589977765874,0.09041583932821147,4219.110364294445
2023-03-05 09:00:00,282.7562498979288,0.14475224882636714,3860.1785940320588
2023-03-05 10:00:00,279.18262732343067,0.2008384029552709,2155.3016339270575
2023-03-05 11:00:00,307.18960076805,0.6040295308853312,1199.1743460054079
2023-03-05 12:00:00,274.0977519491262,0.13060974179610954,1088.8104634920846
2023-03-05 13:00:00,290.8866197578394,1.3860583623894167,1328.0250966403287
2023-03-05 14:00:00,271.7158222085763,0.16473108062240624,1467.1047917696656
2023-03-05 15:00:00,289.97537253456284,0.886014751963846,3248.4981799737707
2023-03-05 16:00:00,295.4376636551764,0.8583555792835036,3994.6087956009437
2023-03-05 17:00:00,282.87214081487093,0.35683937500508106,4226.753709409255
2023-03-05 18:00:00,285.27917750351514,0.7687835842271717,2946.6191048659734
2023-03-05 19:00:00,306.98578021562435,0.8387008684667686,3061.8557764347975
2023-03-05 20:00:00,286.8777375103665,0.3612985343966794,1648.2085419573896
2023-03-05 21:00:00,293.6978048121007,4.200670097248497,1104.593797716835
2023-03-05 22:00:00,277.5981587295946,0.18660120556829898,1273.5596140690648
2023-03-05 23:00:00,279.2006029664988,0.17336673741404662,944.5452231921289
2023-03-06 00:00:00,288.2368507682927,0.30709811554307226,1052.054295592911
2023-03-06 01:00:00,299.6438516499772,1.4001446719911337,1301.6002100558005
2023-03-06 02:00:00,295.44127764925236,0.4224673485716516,873.0380907651108
2023-03-06 03:00:00,291.3317414820287,0.5536208780294578,772.309187643644
2023-03-06 04:00:00,290.32349839059714,1.7580601101631028,737.9136931086258
2023-03-06 05:00:00,287.6291929159298,0.4196543415122286,1673.14450070831
2023-03-06 06:00:00,296.10341036937825,0.25612011818103547,2204.923429249826
2023-03-06 07:00:00,298.3552183061325,2.2824759342314653,3395.282456398191
2023-03-06 08:00:00,279.766028610931,0.5703578787575051,4066.2263258589533
2023-03-06 09:00:00,298.51181866925094,2.0096334410093224,3749.7233519604515
2023-03-06 10:00:00,279.4933715329187,3.630652864023482,2267.28292027402
2023-03-06 11:00:00,275.9478440956365,0.46584385981619236,1486.4095990068568
2023-03-06 12:00:00,277.31716136915844,0.37293255247922563,802.1091085071785
2023-03-06 13:00:00,273.8240639092213,2.7749114921578166,1315.6162449496774
2023-03-06 14:00:00,287.70009337788065,0.3891177112181825,2340.314435283111
2023-03-06 15:00:00,296.35121319290624,0.20099152874374498,3337.0917074404083
2023-03-06 16:00:00,295.664297764155,0.21176917225537611,3682.366931602251
2023-03-06 17:00:00,297.2190576516761,0.7196227869362934,4462.894379310662
2023-03-06 18:00:00,293.0501796479797,0.34466176199979265,3775.968592728659
2023-03-06 19:00:00,286.3455174307974,1.828303419827813,2843.7670782686064
2023-03-06 20:00:00,275.145791119704,1.1674749933003608,1709.7771374604936
2023-03-06 21:00:00,299.68340172438013,0.5836093637659928,1643.8735732316352
2023-03-06 22:00:00,276.9487231768852,0.6895666365855608,958.26905137619
2023-03-06 23:00:00,272.70901976284273,3.525339485062462,898.5719234971151
2023-03-07 00:00:00,288.33292658119007,2.484592625637794,727.4352542000165
2023-03-07 01:00:00,288.288671847188,1.027563745717659,917.0483823561083
2023-03-07 02:00:00,291.77031200528546,0.2951948912841247,1349.4737054952334
2023-03-07 03:00:00,300.04955589377863,1.2805275027912657,1235.3590915145483
2023-03-07 04:00:00,295.98465618314253,0.3920233220908684,741.7847982848484
2023-03-07 05:00:00,287.21709125459205,0.11190512067995825,1518.5187351050238
2023-03-07 06:00:00,292.5504347446656,2.468277929156381,2535.5362024462165
2023-03-07 07:00:00,290.7891668452898,1.7287881532570273,3349.183792543066
2023-03-07 08:00:00,281.6622499558754,1.3618861477825295,4707.97177831402
2023-03-07 09:00:00,283.4924748903814,1.2609086716151177,3896.5954636599163
2023-03-07 10:00:00,302.0725392946457,1.4129491337911828,1890.190551076641
2023-03-07 11:00:00,291.64511546251293,1.212942220648553,1889.1084158381705
2023-03-07 12:00:00,298.9789688316825,1.293543556495639,853.9114684273488
2023-03-07 13:00:00,273.61766221558804,1.648900898755107,1477.6196926454713
2023-03-07 14:00:00,293.7967102586578,0.4543070946954835,1835.4680109051933
2023-03-07 15:00:00,275.9011096257521,0.16144176281960942,2686.8837245855084
2023-03-07 16:00:00,286.57623324660443,0.1919167404564328,3508.525923466289
2023-03-07 17:00:00,290.8049420283798,1.921068152458541,4357.298130472916
2023-03-07 18:00:00,311.74987108053165,3.079380444243994,3438.612410321853
2023-03-07 19:00:00,295.92049200939607,0.14873817242925158,2759.725470526784
2023-03-07 20:00:00,292.4602437257117,0.24084284784520843,1712.3125447111079
2023-03-07 21:00:00,305.49156398324016,0.09609143169431117,1179.7496597171623
2023-03-07 22:00:00,287.0676972182372,1.5069846417909285,1290.5796747089394
2023-03-07 23:00:00,306.27311996676076,0.15070321233022077,666.277959067702
2023-03-08 00:00:00,297.0087152162266,0.007756956983388867,598.5036616980096
2023-03-08 01:00:00,294.39680253917976,0.055019828680989764,871.5088714251051
2023-03-08 02:00:00,283.47247420554265,3.120675143115058,554.0457721174927
2023-03-08 03:00:00,292.2527105463541,0.4532761103120465,850.1290834209357
2023-03-08 04:00:00,309.8686621814577,0.11694840058108172,628.0341578280612
2023-03-08 05:00:00,289.7947996277506,0.06562283658484985,1407.2283451515248
2023-03-08 06:00:00,282.9489138265214,0.0034098596933487334,2288.855185868432
2023-03-08 07:00:00,289.9616241309835,0.0427047636845737,3985.8707997070637
2023-03-08 08:00:00,288.7679564360662,1.1179144743591898,4627.818356614937
2023-03-08 09:00:00,295.98182982500987,0.020541572786179886,3854.2833126295036
2023-03-08 10:00:00,315.48998699289245,3.001430847801241,1645.6101925910784
2023-03-08 11:00:00,297.79357834222526,0.05594654430125539,1153.6696794748611
2023-03-08 12:00:00,278.5277764848815,1.0127550321802181,785.9600093626088
2023-03-08 13:00:00,287.0403851238065,1.5642651158692071,1162.436472997851
2023-03-08 14:00:00,290.6465474504711,0.4072192635867007,2309.5274333628695
2023-03-08 15:00:00,284.9463275150041,3.4683962662046923,2869.0973128563596
2023-03-08 16:00:00,290.3908587544495,0.14701970721690108,4064.802965674937
2023-03-08 17:00:00,304.61531070514894,1.310037545232792,4151.653373921211
2023-03-08 18:00:00,285.6611799134686,2.0610853532903555,3755.870094480035
2023-03-08 19:00:00,275.66295893147685,0.4663653368525015,3317.666058651221
2023-03-08 20:00:00,288.8278878201883,0.7346237075055202,2108.189226880032
2023-03-08 21:00:00,289.99056080207384,1.0301286027970458,1412.3090706499727
2023-03-08 22:00:00,283.0454608288322,0.46376723056295455,1225.03424550334
2023-03-08 23:00:00,303.2092031429988,0.6589002357717365,205.06379831785932
2023-03-09 00:00:00,296.15929803358847,0.1076960299844621,641.7562423968468
2023-03-09 01:00:00,283.9842838767999,1.5977608626245117,799.9693012126216
2023-03-09 02:00:00,283.8428229497091,0.7391917169494533,676.1069165596624
2023-03-09 03:00:00,266.2118371879714,0.4618682854810934,952.0980837764371
2023-03-09 04:00:00,283.13480018513025,0.13569770732727493,1099.2904606808527
2023-03-09 05:00:00,287.7194294210511,0.10166896867563763,1810.0518005505944
2023-03-09 06:00:00,284.8257144168238,0.10819873687413102,2438.3090211268172
2023-03-09 07:00:00,293.1653743969574,0.8316641879540445,3373.8344666647304
2023-03-09 08:00:00,294.67562125493146,1.6950596568149938,4683.06743834186
2023-03-09 09:00:00,275.5852617836615,2.232676498556798,3661.5821977172895
2023-03-09 10:00:00,275.0476219386045,0.07892642890841324,2366.479386056988
2023-03-09 11:00:00,290.08059764555753,0.5829265319727527,1386.987972692682
2023-03-09 12:00:00,313.90260090730357,0.1969513232754364,1182.6019272115773
2023-03-09 13:00:00,292.8126652435288,2.3999226540768794,941.5114995739135
2023-03-09 14:00:00,295.07326170562715,0.49468877680248874,2593.1347718147863
2023-03-09 15:00:00,292.4436961525271,1.5633657469715134,2476.169348309567
2023-03-09 16:00:00,296.60253558673077,0.8043963123982985,4043.649213812099
2023-03-09 17:00:00,303.89337605823107,1.062522042400281,3911.953179400913
2023-03-09 18:00:00,275.5507566416327,0.35938917440900786,3914.6557644898626
2023-03-09 19:00:00,301.4555579421723,0.406509823300422,2989.3370780501978
2023-03-09 20:00:00,310.43479613219074,3.714396099018922,1776.501934267238
2023-03-09 21:00:00,293.1026487516641,0.053060952020813006,1589.5069658954708
2023-03-09 22:00:00,294.03886540480903,1.0679371751195887,1338.0292948221722
2023-03-09 23:00:00,277.3159685649358,0.7317076162968503,372.2652272622649
2023-03-10 00:00:00,286.10667114189926,1.767495701162248,667.5811242158177
2023-03-10 01:00:00,298.16518586926264,0.22400707042845105,1021.4698489143655
2023-03-10 02:00:00,285.8593947707566,0.15271761508878026,710.9617901495901
2023-03-10 03:00:00,300.2435976077192,0.6901240217028125,1130.7391030457056
2023-03-10 04:00:00,290.3018937633738,0.3413419182930244,930.0387551731678
2023-03-10 05:00:00,283.7484830362155,0.4845671664063383,1493.6763629543295
2023-03-10 06:00:00,301.7406031927711,0.6486529342307876,1885.5129138858272
2023-03-10 07:00:00,286.36477185131406,0.5221267644396188,3352.141251817639
2023-03-10 08:00:00,295.01242622292085,0.11508387171668262,4361.768955006178
2023-03-10 09:00:00,296.5049349044165,2.964897054390366,3782.689582017464
2023-03-10 10:00:00,293.788434253368,0.012101954542520504,2715.058452284565
2023-03-10 11:00:00,290.0150352514144,4.473274212891785,1433.2861106054106
2023-03-10 12:00:00,300.02784964750515,0.988158319875189,1407.8888778083187
2023-03-10 13:00:00,306.5156021939599,0.6020915570684993,1465.6366764415563
2023-03-10 14:00:00,281.6138370883211,0.28643789891132093,2119.664431368198
2023-03-10 15:00:00,282.33822142812585,1.5986561128785606,3480.2432967926084
2023-03-10 16:00:00,273.58398839230625,0.011036448536064856,3898.4758242987828
2023-03-10 17:00:00,288.2851039860103,0.4098672174622436,4487.243493004194
2023-03-10 18:00:00,268.8617571766507,1.5924785052903498,3443.775068453115
2023-03-10 19:00:00,300.1671604883973,0.23576017000203944,2797.7257891792087
2023-03-10 20:00:00,290.4462143807311,2.1410936638890594,1711.495531830316
2023-03-10 21:00:00,271.87789074452627,1.1227941881432855,848.8363664024819
2023-03-10 22:00:00,271.8896237035415,0.047212375335504646,648.4376849658773
2023-03-10 23:00:00,289.91818449908243,0.5461437373915317,1226.5871643902578
2023-03-11 00:00:00,295.06084563447206,0.8545313623662734,899.9018137338495
2023-03-11 01:00:00,293.20275169506664,1.3488554371833728,723.5844632004907
2023-03-11 02:00:00,283.49144360095937,0.0945303380065929,1488.191302739277
2023-03-11 03:00:00,298.907222222042,1.6776711500260248,950.174913202857
2023-03-11 04:00:00,291.9582171887522,0.1673274215443701,673.3626642706603
2023-03-11 05:00:00,282.92028709009844,1.0596496904439685,1103.2154545913954
2023-03-11 06:00:00,276.73509304336665,0.008867740193224095,2419.875482662831
2023-03-11 07:00:00,286.53086911539015,2.455973282949493,3641.74831895748
2023-03-11 08:00:00,270.58491466686274,2.6219590970638476,4450.7541065007135
2023-03-11 09:00:00,298.4617000172246,0.8420900367874026,3485.2646504666004
2023-03-11 10:00:00,296.49833520083524,1.0000290759827666,2177.873536956649
2023-03-11 11:00:00,300.59502673221397,4.008875243150674,1537.922581936587
2023-03-11 12:00:00,295.58442053958606,0.7935129317669645,1328.8650923728267
2023-03-11 13:00:00,291.9954179206623,0.6300634447118345,1734.3374900632302
2023-03-11 14:00:00,285.8620801706831,0.8030450147663525,1778.0028148329504
2023-03-11 15:00:00,296.6765994440619,0.08835185378940934,2955.657067778413
2023-03-11 16:00:00,285.94042316517,0.11752242075788318,3924.3115635194404
2023-03-11 17:00:00,284.4480261835313,1.537883730515479,4220.729428118169
2023-03-11 18:00:00,302.5395780403063,2.5653560458198874,3980.8755138146043
2023-03-11 19:00:00,297.3677385337985,0.9674384339956326,2861.8011654883103
2023-03-11 20:00:00,308.7781009867046,0.5631434315138678,1726.1908482605138
2023-03-11 21:00:00,288.5341416959542,0.10447082744322556,1427.480475391169
2023-03-11 22:00:00,300.2840352779168,0.40105523595700165,1074.4875146698855
2023-03-11 23:00:00,298.54662918613127,1.1112392126386141,495.4455350370501
2023-03-12 00:00:00,269.22466059674656,0.6451348883341769,691.9461235353959
2023-03-12 01:00:00,281.7879568948942,0.17780981772798032,985.2755205260646
2023-03-12 02:00:00,286.90057105046264,1.5615395254557454,848.2014674337961
2023-03-12 03:00:00,268.84133106297907,0.8708179284144748,551.6464301490076
2023-03-12 04:00:00,273.1763794340368,0.1253556997845788,1112.824411202033
2023-03-12 05:00:00,281.86553134390647,0.3774993633867545,524.5447972481763
2023-03-12 06:00:00,282.2149248388235,3.4413167827474473,1913.786850924242
2023-03-12 07:00:00,282.9847971388873,0.17764772463047618,3604.502672288484
2023-03-12 08:00:00,283.36638136705045,0.031751090671018126,4471.076234521945
2023-03-12 09:00:00,278.1396148623903,1.497392886066566,3399.3616312899444
2023-03-12 10:00:00,300.74017194320834,0.16943421294929858,2232.9209929815065
2023-03-12 11:00:00,282.9379343911579,0.5085691604521961,1033.8912923302678
2023-03-12 12:00:00,305.68757634074484,0.5424948023295804,1104.9032140691736
2023-03-12 13:00:00,287.20862917610486,0.42819419611614845,1572.3175204922109
2023-03-12 14:00:00,288.72377424989685,0.5206528841428827,1887.109671082467
2023-03-12 15:00:00,290.19178068298083,0.5317956605646071,3158.994705792043
2023-03-12 16:00:00,283.7690973857795,0.13095992130406886,4426.33555421864
2023-03-12 17:00:00,294.16173949452485,2.202381640558745,4335.136589775041
2023-03-12 18:00:00,303.2919041185423,0.33683184297280794,3797.9524742118083
2023-03-12 19:00:00,303.32153304517067,0.034008179427463,3318.884978360439
2023-03-12 20:00:00,271.711872455304,0.12076110677539974,1622.855659115748
2023-03-12 21:00:00,302.0397006284728,1.509672079068091,1488.4825191109599
2023-03-12 22:00:00,290.46109770959754,0.6400999725475097,1509.207487871053
2023-03-12 23:00:00,299.1350684767226,0.010869053772308726,981.4056492757744
2023-03-13 00:00:00,304.63755488670034,0.8030763420253231,896.7886650520695
2023-03-13 01:00:00,274.66382072237474,0.529641353729582,527.2644832686357
2023-03-13 02:00:00,280.23943503754487,2.4946200214090846,1102.3901532906993
2023-03-13 03:00:00,309.0430237142778,1.8026287561273961,715.4286241846299
2023-03-13 04:00:00,280.1320369989927,1.5767881447391052,953.9827032795174
2023-03-13 05:00:00,299.7785826701389,0.49196526131889506,1307.9677036875707
2023-03-13 06:00:00,295.9937266439254,0.19089785770907863,2117.2520968709673
2023-03-13 07:00:00,294.142999074638,0.06906215300312793,3967.975499743304
2023-03-13 08:00:00,297.189234472346,0.2193614892617059,4660.860501332307
2023-03-13 09:00:00,293.1850041258337,0.7292132929601561,3282.1895574656005
2023-03-13 10:00:00,298.61748916715106,0.7170069213691574,2058.38282701621
2023-03-13 11:00:00,301.270749877566,0.11073920420430468,1474.6310460669674
2023-03-13 12:00:00,281.7799960087922,0.9530943816602031,1293.9589336362014
2023-03-13 13:00:00,303.2866589941033,1.7638604352804559,1288.0495585441722
2023-03-13 14:00:00,290.3791458631894,0.9295643274128821,2140.283062372445
2023-03-13 15:00:00,283.7378343315083,0.44612660228059264,3152.618840756964
2023-03-13 16:00:00,283.1867311879239,1.5395163401241576,4311.442246805315
2023-03-13 17:00:00,263.7402580771913,0.7994169403490319,4160.101463580574
2023-03-13 18:00:00,285.2005286705569,0.9787195020676374,3912.0638206650897
2023-03-13 19:00:00,299.1150237528285,0.5246421973200537,3175.827938152692
2023-03-13 20:00:00,288.3278637658838,1.7717992883131422,2109.6554134965545
2023-03-13 21:00:00,302.37805100885697,1.485835825125208,961.7847580117345
2023-03-13 22:00:00,294.60397632542,4.4185386495045895,825.2436886301111
2023-03-13 23:00:00,289.7049512962279,0.31697585265199657,1315.0157945442022
2023-03-14 00:00:00,310.5890916837339,0.4854463860632961,753.1119301342412
2023-03-14 01:00:00,295.53497706150716,0.42048653271505787,1012.5372889572751
2023-03-14 02:00:00,310.512179581554,0.8295968310231525,955.4695368820735
2023-03-14 03:00:00,281.533066430697,0.27392094440186987,521.3300073192441
2023-03-14 04:00:00,286.59314878518927,0.40334187270891425,826.4245883643459
2023-03-14 05:00:00,277.77055286364345,0.5760514512436457,1762.401128760449
2023-03-14 06:00:00,299.41217646932927,0.267999113623559,2217.3863851519664
2023-03-14 07:00:00,285.45542189491414,0.5493166970983424,3732.4006624729263
2023-03-14 08:00:00,296.3928627873225,3.0097210696270498,4745.049351147832
2023-03-14 09:00:00,289.9805611168178,0.4314961954919592,3703.530897739717
2023-03-14 10:00:00,279.4034116201518,0.20482436627861234,2376.4511422265114
2023-03-14 11:00:00,284.40748812399835,1.9356209176105714,1124.0393365518366
2023-03-14 12:00:00,283.9327421214496,2.9690737456022487,1224.4809296268202
2023-03-14 13:00:00,297.10329840705174,2.377508428068628,1067.185506190441
2023-03-14 14:00:00,301.4011789095093,0.45255526817080965,2371.9817958383296
2023-03-14 15:00:00,289.8474862888328,0.27276310799384307,2946.517677285174
2023-03-14 16:00:00,297.7068641919702,0.28306174783267124,3842.9876580031914
2023-03-14 17:00:00,289.73839632954446,0.021663250060705692,4597.978795436947
2023-03-14 18:00:00,292.09769670079436,2.783571555487173,3008.8531725662715
2023-03-14 19:00:00,290.6319045972691,0.6503977050656407,3149.075892865979
2023-03-14 20:00:00,301.78592777993555,0.3864772946850713,1721.2583655275037
2023-03-14 21:00:00,276.1654139790464,0.40032398308363165,1344.1614380266076
2023-03-14 22:00:00,282.568635120845,0.06463977611827036,1057.653234372745
2023-03-14 23:00:00,291.1498072964012,1.8023582361964174,916.3375020100054
2023-03-15 00:00:00,286.1970823192258,0.10984528520007929,1336.693404479225
2023-03-15 01:00:00,305.3333489225926,0.1054804976973315,716.6788425660511
2023-03-15 02:00:00,294.5196000550172,0.07473345583723902,699.67243896401
2023-03-15 03:00:00,294.5416395103415,2.435669908907423,827.9418912062766
2023-03-15 04:00:00,300.3728536333808,0.12357892704064923,1084.8442145105905
2023-03-15 05:00:00,285.00822833020084,1.9662572187769924,1040.5140050838245
2023-03-15 06:00:00,305.71606208419826,3.837159328755891,2123.8104995743406
2023-03-15 07:00:00,301.2209585995884,0.9854881878323724,3991.887011459994
2023-03-15 08:00:00,286.8223972930324,4.550157450028971,4378.9304905726785
2023-03-15 09:00:00,283.66708344512733,0.636658315500571,3626.141450512615
2023-03-15 10:00:00,288.709556775671,0.0003076673745364777,2640.44101561278
2023-03-15 11:00:00,298.88721817341917,0.3607083531315162,1390.9215182484393
2023-03-15 12:00:00,297.4750114669352,0.4585371539084775,1071.2864292885781
2023-03-15 13:00:00,286.00892649792024,0.4080017552698764,1302.827099552855
2023-03-15 14:00:00,306.2900707111447,0.7219609417286812,1807.540657508481
2023-03-15 15:00:00,302.22799180359203,0.7118230377563708,2772.4672201936664
2023-03-15 16:00:00,307.8796069853532,1.7462837196156624,3884.9064614507147
2023-03-15 17:00:00,298.3216030173108,0.42107088783548036,4001.7546819089434
2023-03-15 18:00:00,277.698018976625,1.1566767058044585,4113.129171527412
2023-03-15 19:00:00,284.15216547368425,0.3902618096477782,2617.001132457921
2023-03-15 20:00:00,300.2809874602468,0.2399230955927605,1987.4190407136502
2023-03-15 21:00:00,301.38326732456187,0.5917576145359963,1105.195483030881
2023-03-15 22:00:00,294.0270843126464,1.4860901792399088,757.7827517617164
2023-03-15 23:00:00,294.56216798091816,0.7753697929131599,875.4826756128995
2023-03-16 00:00:00,285.39422785464734,4.355063488641345,503.25947583522725
2023-03-16 01:00:00,289.93075839544565,0.17770015558313615,1212.7185510898858
2023-03-16 02:00:00,278.2218263629811,1.217269295299571,867.6041219211892
2023-03-16 03:00:00,288.11601441837706,0.14755076774612905,776.266955223879
2023-03-16 04:00:00,292.73207672798736,0.49019746858014496,1193.4092988375314
2023-03-16 05:00:00,286.862008029147,1.586834838207017,1542.2611442768357
2023-03-16 06:00:00,284.2606499202072,0.24235456008861722,2375.2803479538643
2023-03-16 07:00:00,299.0140119236914,0.07818476930158332,3580.090337244765
2023-03-16 08:00:00,290.91559934988487,2.416754362573761,4288.235551109711
2023-03-16 09:00:00,289.9117513808825,0.20281435837396716,3522.286322182584
2023-03-16 10:00:00,285.44898409738664,1.5184218331530628,1919.392119557877
2023-03-16 11:00:00,293.99463232485874,0.9897435161034346,1597.5640768793007
2023-03-16 12:00:00,283.8333236598051,0.39497436874686126,1129.5074542937373
2023-03-16 13:00:00,300.21084589049366,0.20757772988407142,1268.079213164546
2023-03-16 14:00:00,303.5237142486336,1.7957678737059681,1927.2776195877186
2023-03-16 15:00:00,287.05878015945916,0.7784211560260713,3047.4752804955283
2023-03-16 16:00:00,301.11965145741163,0.874791338588671,3692.9477920381037
2023-03-16 17:00:00,290.018769327603,0.8241072055239875,3903.40279561675
2023-03-16 18:00:00,297.89832169649947,0.9945203881534233,3923.499582185581
2023-03-16 19:00:00,292.5738481081264,0.7985576185589498,3199.810966571439
2023-03-16 20:00:00,279.39327434372916,0.2723455884734881,1623.6973978558972
2023-03-16 21:00:00,282.0971752083394,0.5380401850329114,893.649743400502
2023-03-16 22:00:00,275.5925858947404,0.370665296333584,1340.3099985204553
2023-03-16 23:00:00,294.7401951592193,0.41798974261385247,1307.4592935252358
2023-03-17 00:00:00,295.94132303071046,0.044517963364083375,1373.8317865787749
2023-03-17 01:00:00,275.6277569845566,0.14338874510410152,278.0094176962909
2023-03-17 02:00:00,300.87226952274443,1.2465705724959513,755.7788397483674
2023-03-17 03:00:00,280.7500227098672,0.7394618266115498,1226.252162802086
2023-03-17 04:00:00,295.8389749199423,1.6618059068520818,1139.566417429359
2023-03-17 05:00:00,309.20266547877907,1.9451480902743652,1463.0958027847232
2023-03-17 06:00:00,313.641916072214,0.3399437091413522,2149.2442839603805
2023-03-17 07:00:00,310.3146164149609,2.3224551809085083,3123.446479884414
2023-03-17 08:00:00,280.13738849544256,1.2293307274496639,4134.21951790548
2023-03-17 09:00:00,275.31241571847744,1.2915016210494767,3552.1862580049083
2023-03-17 10:00:00,283.88066558345935,0.08343012184889217,2189.7317522275052
2023-03-17 11:00:00,279.9692136728287,0.6487559463724571,957.5158429469946
2023-03-17 12:00:00,293.4933196193776,2.5851080121944445,1462.8253270578998
2023-03-17 13:00:00,308.2256279794638,0.7029686786562951,909.9949804204739
2023-03-17 14:00:00,281.27351097697345,0.3761114430471795,1749.2106001328098
2023-03-17 15:00:00,304.8822908116266,0.22404529290478253,3002.9856310408095
2023-03-17 16:00:00,296.81222381211876,0.24857450487653224,4580.798395565211
2023-03-17 17:00:00,292.13959333433695,0.12277965680723373,4454.3405366023435
2023-03-17 18:00:00,284.434338920568,0.3811973194119765,3786.3927921070635
2023-03-17 19:00:00,285.42694550517933,1.1926741033700372,2974.9303538927797
2023-03-17 20:00:00,281.8141963991792,0.40876353109829244,1884.710762355454
2023-03-17 21:00:00,278.40874328895893,2.004231359804842,1799.6858667647691
2023-03-17 22:00:00,271.2908395511602,2.1458450529096953,736.6597530713284
2023-03-17 23:00:00,291.2845447294007,1.9870843156710083,718.8842625269392
2023-03-18 00:00:00,280.2842237739345,0.4591139196655707,772.0406822136138
2023-03-18 01:00:00,283.5299543820367,2.0780470490989043,596.8562069866588
2023-03-18 02:00:00,293.8765356200329,2.0037132445367383,1362.8153196792127
2023-03-18 03:00:00,286.44099329817715,0.6111334502845626,855.3779217925116
2023-03-18 04:00:00,311.0351308513317,0.2841047583820068,726.7899970092878
2023-03-18 05:00:00,304.5968187065166,0.5521745384407326,1544.2411143347392
2023-03-18 06:00:00,296.59159921761295,2.617665107730648,2723.458999602367
2023-03-18 07:00:00,281.1361610890187,0.09111738917915771,3884.331685837349
2023-03-18 08:00:00,279.8314219790476,0.6822868107593202,4248.383800529126
2023-03-18 09:00:00,277.82584537829547,3.5442908867538065,3399.733479671206
2023-03-18 10:00:00,281.149125953529,0.05603232065572022,1896.4002744472914
2023-03-18 11:00:00,291.70128471587805,0.011206179134010143,1347.8434622562584
2023-03-18 12:00:00,286.25362670907833,1.8416310931212174,1151.9929253660625
2023-03-18 13:00:00,294.26952107903935,1.8929905683652244,1075.7460779244293
2023-03-18 14:00:00,302.50027424680013,0.06754502642887916,2091.1552829797165
2023-03-18 15:00:00,286.398335982407,1.1429003912201847,2814.63825957896
2023-03-18 16:00:00,298.1832309683879,0.16707587410593958,4225.8409942856715
2023-03-18 17:00:00,285.9852334668696,0.7953971479414158,4154.494653407935
2023-03-18 18:00:00,278.45227561714535,0.14381913948994268,3725.967615739496
2023-03-18 19:00:00,274.62670691525597,1.6821870868598792,3132.5666184352426
2023-03-18 20:00:00,299.55575419844325,0.13897722257307668,2161.0456175313484
2023-03-18 21:00:00,282.4692703713209,0.3273500440681832,921.99808606476
2023-03-18 22:00:00,285.4506249887131,0.6090090660585952,844.1009293197396
2023-03-18 23:00:00,284.31344055125373,1.0396671112036802,831.4593617378537
2023-03-19 00:00:00,293.50874042198745,2.652925852857721,741.281257814538
2023-03-19 01:00:00,286.81191496227575,0.09966541766216959,678.0047214565102
2023-03-19 02:00:00,283.7141181185476,0.3936474436682431,884.2758544869425
2023-03-19 03:00:00,274.0834248811295,1.4037001022024,829.4534612692739
2023-03-19 04:00:00,269.6485834635172,6.53319640641337,400.64975906529907
2023-03-19 05:00:00,282.5269143691515,1.0814798144126165,1658.9610393465696
2023-03-19 06:00:00,281.47048088162944,2.0712328322663067,1858.008762474113
2023-03-19 07:00:00,272.69740221193115,0.4179701823735946,3295.3831753752743
2023-03-19 08:00:00,290.31483271522006,0.46836840964449344,4491.301892730635
2023-03-19 09:00:00,291.4930914122706,0.19286722447714874,3895.075117776318
2023-03-19 10:00:00,294.94978353878116,0.09072366799869896,2208.5565622434906
2023-03-19 11:00:00,291.829250443423,0.14317644620806566,1160.3542333754247
2023-03-19 12:00:00,262.6492630325972,1.4199943238823458,100.0
2023-03-19 13:00:00,293.912087427682,0.021261299605211,916.5429446572732
2023-03-19 14:00:00,301.7256181387936,0.18252325500172425,2105.61117107234
2023-03-19 15:00:00,283.3671860126712,0.23602515143077987,3358.3991614418346
2023-03-19 16:00:00,277.5168218241628,2.5855007445492486,3797.346810709834
2023-03-19 17:00:00,283.6333667319882,0.4965131723049001,4207.881318128643
2023-03-19 18:00:00,304.5563139778005,0.012393426814993407,3956.623505416084
2023-03-19 19:00:00,283.9843676271037,0.3221226497407114,2491.3244528945365
2023-03-19 20:00:00,284.3580659033389,0.5754123913115194,2106.3017984997045
2023-03-19 21:00:00,302.3240678601664,1.4165860751951,1246.4928928943934
2023-03-19 22:00:00,294.0603118700447,1.3927601716798692,888.0703281007904
2023-03-19 23:00:00,276.6095461624926,0.36245905781019216,937.1697211255515
2023-03-20 00:00:00,285.02050948235114,0.5577538391201758,1529.9651622105432
2023-03-20 01:00:00,270.60632809485134,1.0957715584899235,530.6121490185022
2023-03-20 02:00:00,319.8823013206651,0.00960206759501762,635.6131038027715
2023-03-20 03:00:00,286.1098809683163,1.3112905475419558,1271.5048190717669
2023-03-20 04:00:00,292.58786826109747,1.335029898237354,833.680933491529
2023-03-20 05:00:00,277.73998164668467,1.0246663122659045,914.5231913018624
2023-03-20 06:00:00,302.15270337561634,0.8297616058122675,2266.8083520161804
2023-03-20 07:00:00,266.26306058335047,0.037062690587368455,3438.35130984527
2023-03-20 08:00:00,294.2949600596594,2.8456974347343764,4133.885877254703
2023-03-20 09:00:00,260.12741657958554,0.5926814075328984,3207.5078001327056
2023-03-20 10:00:00,292.82308433775773,0.44090701216271827,1931.3939713283648
2023-03-20 11:00:00,300.72733112947543,0.7722673944685685,1390.103026005659
2023-03-20 12:00:00,289.8752232478765,0.3005549305559409,1802.537323293747
2023-03-20 13:00:00,279.33872248249503,0.9070417936229184,1356.8963251386294
2023-03-20 14:00:00,280.26245359341004,0.0577260250757074,1944.4371254560385
2023-03-20 15:00:00,301.284420857449,0.6564316367536412,2282.3988850076835
2023-03-20 16:00:00,289.29420493119477,0.8225988342036842,4108.524188562379
2023-03-20 17:00:00,296.14494940641083,0.26556437604989447,4260.759761368532
2023-03-20 18:00:00,288.4911603906262,0.09202234533205897,4175.68602527715
2023-03-20 19:00:00,276.69935769098856,0.25160432308432923,2677.707076407827
2023-03-20 20:00:00,293.3966807996345,0.8850094421890132,2141.370838867558
2023-03-20 21:00:00,283.7117934519314,1.1479893109224617,1536.2502098943419
2023-03-20 22:00:00,283.0650478738317,0.33577030834529115,937.1344839174616
2023-03-20 23:00:00,309.0996925474045,0.2416654882632928,831.223347188402
2023-03-21 00:00:00,275.8688799754362,0.7026986873494384,970.2460763423808
2023-03-21 01:00:00,300.2407969066276,0.4533879026084453,580.1615215826153
2023-03-21 02:00:00,309.4895003850965,0.052182819380982265,537.4129302393324
2023-03-21 03:00:00,289.74101990130083,0.6048179140017759,1017.1913597849766
2023-03-21 04:00:00,297.50527858083467,0.9392116994595163,1006.1920038644823
2023-03-21 05:00:00,292.7949549952757,4.0842827745719505,1193.2586575555786
2023-03-21 06:00:00,305.8880134112658,4.141768823626266,1977.628869444508
2023-03-21 07:00:00,299.26479341175866,1.0062816186171963,3987.914205151694
2023-03-21 08:00:00,303.63424970902764,0.5876103800109959,3938.351402696833
2023-03-21 09:00:00,305.0850193244275,0.5827182159540378,3529.3842682613986
2023-03-21 10:00:00,292.9305166842059,0.31333657867744746,2272.045397366733
2023-03-21 11:00:00,303.0868686813948,0.45571070503844,1381.0244850549677
2023-03-21 12:00:00,297.60099575150673,0.43907966710519486,977.8368729351691
2023-03-21 13:00:00,295.4640880101878,0.2391720033457644,1251.1351484122886
2023-03-21 14:00:00,279.0594058075639,0.4247147111449691,2355.517083496155
2023-03-21 15:00:00,281.5419628839895,1.3025640004473524,3073.190684699964
2023-03-21 16:00:00,298.4752285466797,0.118640781862351,3785.840112138083
2023-03-21 17:00:00,293.55288589428136,2.05602051289235,3964.278504002712
2023-03-21 18:00:00,288.1282848914164,0.013426748029738707,4605.2474082724075
2023-03-21 19:00:00,286.78764646075956,0.4220722036295221,2753.9082823649137
2023-03-21 20:00:00,282.15698431270204,0.3182231882222888,2285.5353668571956
2023-03-21 21:00:00,301.9782451163123,0.4091693206981555,1577.8181671865548
2023-03-21 22:00:00,282.73007093301356,0.33479104722233805,993.4779989688335
2023-03-21 23:00:00,302.936550478144,1.0659961577442707,1104.41612609009
2023-03-22 00:00:00,295.5035171550676,0.8355127556277808,575.1043065529677
2023-03-22 01:00:00,292.4031733731872,0.020930973750679545,1035.8780880249078
2023-03-22 02:00:00,277.12085117125736,1.1892735703029926,759.5823035941626
2023-03-22 03:00:00,292.2088973067173,0.18972680551702253,225.04470243437163
2023-03-22 04:00:00,289.0432203863139,0.6466715728374188,954.3449098553771
2023-03-22 05:00:00,315.27428507834804,2.619166098278267,746.3971961617276
2023-03-22 06:00:00,291.3048947258124,0.026146620270741917,2150.4519370509747
2023-03-22 07:00:00,283.8829748165736,0.5002026810800843,3618.976614683717
2023-03-22 08:00:00,288.9017684422809,0.5262285467642456,4447.793415006905
2023-03-22 09:00:00,294.5452649800684,0.4259298676557102,3460.8614373316173
2023-03-22 10:00:00,290.99870416956577,0.5719656160883541,2145.5820187800086
2023-03-22 11:00:00,288.98760389557816,1.3944855018454507,1384.8862924866387
2023-03-22 12:00:00,280.92706547328845,0.4860693085452542,1343.2486195537256
2023-03-22 13:00:00,288.021034642399,0.5671953936559706,1353.5184081944878
2023-03-22 14:00:00,290.4928126638168,0.773950405799533,2103.8748451096844
2023-03-22 15:00:00,281.1375123707644,3.531317078012247,2842.692178677873
2023-03-22 16:00:00,302.08125263412194,1.778261075125058,3714.480154314796
2023-03-22 17:00:00,287.93190595933316,1.303020749588543,4441.53475057349
2023-03-22 18:00:00,278.1577165603554,0.6387663134773692,3839.146759221838
2023-03-22 19:00:00,296.7709170794545,0.4944574878879586,3098.2153257447744
2023-03-22 20:00:00,287.2938250862243,0.5336011369636894,1751.9524238504016
2023-03-22 21:00:00,309.91481166304595,0.005512200444602722,1134.9020937650935
2023-03-22 22:00:00,287.57993879235573,0.5135683625572758,871.0096909806164
2023-03-22 23:00:00,297.9866081178734,0.2420610718366335,893.4420007961019
2023-03-23 00:00:00,293.6541593156498,0.9371969343971135,651.9966044853256
2023-03-23 01:00:00,300.9623502789641,1.6458672401196424,1032.4887260132389
2023-03-23 02:00:00,279.1990603175489,1.1644061709696412,587.3431360679147
2023-03-23 03:00:00,282.7404500687046,0.47625377258107515,738.9752709148789
2023-03-23 04:00:00,294.40390168365275,2.722049302799104,1033.047541818689
2023-03-23 05:00:00,289.17497727229704,2.2422496444473463,1552.4682749138833
2023-03-23 06:00:00,290.3265691600458,0.9108467151438919,2059.4358417047256
2023-03-23 07:00:00,295.39087487678506,0.33686917117639326,3785.4376441810687
2023-03-23 08:00:00,277.33510928919145,1.4250281245635534,4070.15004258283
2023-03-23 09:00:00,296.57064110282874,0.4552769662967764,3408.772579442596
2023-03-23 10:00:00,281.4254603394553,0.42559770427475513,3095.1730549891386
2023-03-23 11:00:00,298.1650301547031,0.3110089644892337,1234.89812819289
2023-03-23 12:00:00,273.341841920401,1.5783443826746368,571.6430651318306
2023-03-23 13:00:00,292.1672264464713,2.3872968551867326,1558.5918120123183
2023-03-23 14:00:00,304.6236173527208,0.882112423866783,1585.4494580381645
2023-03-23 15:00:00,301.1513473033209,2.0378141867284763,3107.3992301838402
2023-03-23 16:00:00,278.0325514493428,1.8438273389200253,3002.4502321847795
2023-03-23 17:00:00,273.3616386383807,4.553851838227615,4115.641794980667
2023-03-23 18:00:00,284.7449032246033,4.344618383596165,4074.9929489936526
2023-03-23 19:00:00,303.00032621151314,0.5270007445250254,3340.5250634031963
2023-03-23 20:00:00,273.4591955067966,3.0078502611638163,2066.840833475528
2023-03-23 21:00:00,294.7571827124743,0.8348485273156938,1133.957180635894
2023-03-23 22:00:00,274.3039830849563,0.862831478391356,878.4505648950995
2023-03-23 23:00:00,285.0515367605577,0.6473783091339925,1148.4805672165353
2023-03-24 00:00:00,295.0949037140168,0.06609060350916204,823.4364430587941
2023-03-24 01:00:00,291.28965114480957,0.9831824358754273,1201.290552224009
2023-03-24 02:00:00,293.39906316050997,0.2727340545544998,543.5029491379426
2023-03-24 03:00:00,290.6286874916374,0.31419140433740245,973.2172887762694
2023-03-24 04:00:00,289.57185285055107,1.893733681692906,1246.155736161582
2023-03-24 05:00:00,294.5639231060986,0.13956331229494334,1232.5223642903588
2023-03-24 06:00:00,302.9614781457801,0.3455556366318897,2326.976974505643
2023-03-24 07:00:00,292.30647497250743,1.5382621261695602,3466.101882134375
2023-03-24 08:00:00,295.1796412422221,0.1223366458772059,4022.2337139727083
2023-03-24 09:00:00,280.5756455937514,1.636025915897779,3548.1837717151666
2023-03-24 10:00:00,296.067207205065,2.036254301063019,2245.1207466737183
2023-03-24 11:00:00,300.56695370393174,1.6427209923814037,1224.1528110356494
2023-03-24 12:00:00,300.47114004754803,0.6112414865751835,1046.2789536598782
2023-03-24 13:00:00,283.91043527117074,0.6153411396877122,1077.1231019849129
2023-03-24 14:00:00,280.1859721440395,0.1931705819995932,1835.6393535872955
2023-03-24 15:00:00,290.69225124022944,0.7307588178755481,3072.380920426928
2023-03-24 16:00:00,283.75351995452974,0.061303752476679844,3918.1433561526783
2023-03-24 17:00:00,280.8229415432644,1.6486866578630746,4310.052747494163
2023-03-24 18:00:00,287.4567496219082,0.21629763341567232,4229.14587696734
2023-03-24 19:00:00,296.65295376576927,0.9516168502441994,3090.9409491885035
2023-03-24 20:00:00,277.11902976878366,1.4646533171335454,1711.1979460127043
2023-03-24 21:00:00,286.251247589874,0.4431591184027125,1436.965237805872
2023-03-24 22:00:00,267.7327294219124,0.5386076106683787,747.4008961470865
2023-03-24 23:00:00,292.473091230158,1.7423796237643365,857.5921960407094
2023-03-25 00:00:00,298.1080634498041,1.676524718838769,827.0610697434846
2023-03-25 01:00:00,280.7649805808503,4.987371405646763,482.61486675898124
2023-03-25 02:00:00,284.9698197392734,2.962188455378148,1070.8925654217833
2023-03-25 03:00:00,284.17678938505264,0.15912052101259155,499.33577837007243
2023-03-25 04:00:00,280.57923750868883,1.7628908071021792,1077.209881156295
2023-03-25 05:00:00,276.91220679778473,1.4320814278253577,1226.865879037208
2023-03-25 06:00:00,301.6227734787111,1.680726579496487,2639.917431225181
2023-03-25 07:00:00,289.1609941617512,1.0533532190238322,3836.8254149806953
